,Job,Housing,Saving accounts,Checking account,Credit amount,Duration,Purpose
0,2,own,,,5943,24,radio/TV
1,2,own,quite rich,,1213,15,radio/TV
2,1,rent,moderate,,1568,18,business
3,1,own,little,little,1755,24,vacation/others
4,1,own,little,little,2315,10,radio/TV
5,3,own,little,,1412,12,business
6,2,own,little,moderate,1295,18,furniture/equipment
7,2,free,moderate,moderate,12612,36,education
8,3,own,moderate,little,2249,18,car
9,2,own,little,little,1108,12,repairs
10,2,own,little,,618,12,radio/TV
11,2,own,little,little,1409,12,car
12,1,own,,,797,12,radio/TV
13,2,rent,,rich,3617,24,furniture/equipment
14,2,own,rich,moderate,1318,12,car
15,2,rent,little,moderate,15945,54,business
16,2,own,,,2012,12,education
17,2,own,moderate,moderate,2622,18,business
18,2,own,little,moderate,2337,36,radio/TV
19,3,rent,,moderate,7057,20,car
20,1,rent,moderate,,1469,24,car
21,2,rent,little,moderate,2323,36,radio/TV
22,2,own,little,,932,6,radio/TV
23,2,rent,little,moderate,1919,9,furniture/equipment
24,2,rent,,,2445,12,car
25,3,own,little,moderate,11938,24,vacation/others
26,3,own,little,,6458,18,car
27,2,own,little,moderate,6078,12,car
28,2,own,,little,7721,24,furniture/equipment
29,2,own,quite rich,moderate,1410,14,business
30,2,own,moderate,moderate,1449,6,business
31,2,rent,little,rich,392,15,education
32,1,rent,little,moderate,6260,18,car
33,2,own,little,,7855,36,car
34,2,own,quite rich,little,1680,12,radio/TV
35,2,own,,,3578,48,radio/TV
36,3,own,,little,7174,42,radio/TV
37,2,rent,,little,2132,10,furniture/equipment
38,2,own,quite rich,little,4281,33,furniture/equipment
39,3,own,quite rich,moderate,2366,12,car
40,2,own,little,little,1835,21,radio/TV
41,3,rent,little,,3868,24,car
42,1,rent,little,,1768,12,furniture/equipment
43,2,free,little,rich,781,10,car
44,2,rent,,moderate,1924,18,furniture/equipment
45,2,own,little,little,2121,12,car
46,1,own,little,little,701,12,radio/TV
47,2,own,little,moderate,639,12,repairs
48,3,own,little,moderate,1860,12,car
49,2,own,little,little,3499,12,car
50,2,own,,moderate,8487,48,car
51,2,own,little,little,6887,36,education
52,1,own,little,,2708,15,furniture/equipment
53,2,free,little,,1984,18,furniture/equipment
54,2,own,moderate,,10144,60,radio/TV
55,2,own,,,1240,12,radio/TV
56,2,own,rich,,8613,27,car
57,1,own,quite rich,moderate,766,12,radio/TV
58,2,own,,moderate,2728,15,radio/TV
59,1,rent,little,rich,1881,12,radio/TV
60,0,own,rich,rich,709,6,car
61,3,own,little,moderate,4795,36,radio/TV
62,3,own,little,little,3416,27,radio/TV
63,2,own,little,little,2462,18,furniture/equipment
64,2,own,little,,2288,21,furniture/equipment
65,2,own,moderate,moderate,3566,48,business
66,2,own,little,little,860,6,car
67,2,own,moderate,,682,12,car
68,2,own,little,little,5371,36,furniture/equipment
69,2,own,rich,,1582,18,radio/TV
70,2,free,moderate,,1346,6,radio/TV
71,2,own,little,,1924,10,radio/TV
72,2,own,little,rich,5848,36,radio/TV
73,2,rent,rich,moderate,7758,24,car
74,3,rent,moderate,moderate,6967,24,business
75,2,rent,little,little,1282,12,furniture/equipment
76,2,own,moderate,little,1288,9,repairs
77,1,own,little,little,339,12,education
78,2,own,moderate,moderate,3512,24,car
79,1,own,,,1898,6,radio/TV
80,2,own,moderate,,2872,24,radio/TV
81,2,own,little,,1055,18,car
82,2,own,quite rich,,1262,15,domestic appliances
83,3,free,little,moderate,7308,10,car
84,2,own,quite rich,,909,36,car
85,2,own,quite rich,,2978,6,furniture/equipment
86,2,own,little,little,1131,18,furniture/equipment
87,2,own,rich,moderate,1577,11,furniture/equipment
88,2,rent,little,,3972,24,furniture/equipment
89,2,own,little,moderate,1935,24,business
90,2,rent,little,little,950,15,car
91,2,own,little,,763,12,furniture/equipment
92,3,own,little,moderate,2064,24,furniture/equipment
93,2,own,little,moderate,1414,8,radio/TV
94,2,own,little,little,3414,21,education
95,3,own,,,7485,30,car
96,2,own,little,little,2577,12,furniture/equipment
97,2,own,quite rich,little,338,6,radio/TV
98,3,rent,little,,1963,12,radio/TV
99,2,own,little,little,571,21,car
100,2,own,little,,9572,36,business
101,3,own,little,moderate,4455,36,business
102,1,own,,little,1647,21,car
103,2,own,rich,,3777,24,furniture/equipment
104,2,own,little,moderate,884,18,car
105,2,own,little,,1360,15,radio/TV
106,3,free,little,moderate,5129,9,car
107,0,free,little,moderate,1175,16,car
108,2,own,moderate,little,674,12,radio/TV
109,2,own,little,moderate,3244,18,furniture/equipment
110,3,own,rich,,4591,24,business
111,1,free,moderate,moderate,3844,48,business
112,2,own,little,moderate,3915,27,business
113,2,rent,little,,2108,6,radio/TV
114,2,rent,moderate,moderate,3031,45,radio/TV
115,3,own,little,moderate,1501,9,education
116,2,own,little,,1382,6,radio/TV
117,2,rent,moderate,moderate,951,12,furniture/equipment
118,2,free,,moderate,2760,24,car
119,3,own,little,moderate,4297,18,furniture/equipment
120,2,own,quite rich,,936,9,education
121,1,own,little,little,1168,12,car
122,2,own,little,,5117,27,business
123,2,rent,little,little,902,12,education
124,1,own,little,,1495,12,car
125,3,free,little,little,10623,30,car
126,2,own,little,,1935,12,furniture/equipment
127,2,own,little,moderate,1424,12,domestic appliances
128,1,own,little,little,6568,24,business
129,2,own,rich,,1413,12,car
130,2,own,,,3074,9,radio/TV
131,1,own,,,3835,36,radio/TV
132,2,own,little,little,5293,27,business
133,3,own,little,rich,1908,30,business
134,2,own,,,3342,36,radio/TV
135,1,own,,moderate,932,6,education
136,2,own,little,little,3104,18,business
137,2,own,little,rich,3913,36,radio/TV
138,1,rent,little,little,3021,24,furniture/equipment
139,2,own,little,,1364,10,car
140,1,own,little,moderate,625,12,radio/TV
141,2,rent,,little,1200,12,education
142,2,own,little,,707,12,radio/TV
143,2,own,,,2978,24,business
144,2,own,little,,4657,15,car
145,2,own,little,,2613,36,repairs
146,2,own,rich,moderate,10961,48,radio/TV
147,3,free,little,little,7865,12,furniture/equipment
148,2,own,little,,1478,9,radio/TV
149,2,free,little,little,3149,24,furniture/equipment
150,2,own,little,rich,4210,36,radio/TV
151,1,free,quite rich,,2507,9,car
152,2,own,moderate,,2141,12,radio/TV
153,1,own,little,moderate,866,18,radio/TV
154,1,own,little,,1544,4,radio/TV
155,3,own,little,little,1823,24,radio/TV
156,0,own,,moderate,14555,6,car
157,1,rent,moderate,moderate,2767,21,business
158,2,own,little,,1291,12,radio/TV
159,2,own,little,little,2522,30,radio/TV
160,2,own,,little,915,24,car
161,2,own,little,,1595,6,radio/TV
162,2,free,little,little,4605,48,car
163,2,own,little,,1185,12,business
164,1,own,quite rich,,3447,12,education
165,2,own,little,,1258,24,business
166,2,own,little,,717,12,radio/TV
167,2,rent,moderate,,1204,6,car
168,2,own,little,rich,1925,24,furniture/equipment
169,2,rent,little,,433,18,radio/TV
170,1,own,rich,little,666,6,car
171,1,own,little,rich,2251,12,furniture/equipment
172,2,own,little,moderate,2150,30,car
173,2,own,moderate,,4151,24,furniture/equipment
174,2,own,,moderate,2030,9,furniture/equipment
175,1,own,,moderate,7418,60,radio/TV
176,1,own,little,,2684,24,radio/TV
177,2,free,little,little,2149,12,radio/TV
178,2,own,moderate,,3812,15,car
179,1,own,moderate,,1154,11,radio/TV
180,2,own,little,little,1657,12,furniture/equipment
181,2,own,little,little,1603,24,radio/TV
182,3,free,little,little,5302,18,car
183,1,free,little,,2748,12,education
184,1,own,little,,1231,10,car
185,2,own,little,moderate,802,15,radio/TV
186,2,own,,,6304,36,business
187,2,own,little,,1533,24,radio/TV
188,3,own,little,little,8978,14,car
189,2,own,,,999,24,radio/TV
190,2,own,,,2662,18,car
191,2,rent,quite rich,,1402,12,furniture/equipment
192,3,free,,moderate,12169,48,car
193,2,own,little,moderate,3060,48,radio/TV
194,1,own,little,little,11998,30,repairs
195,2,own,little,,2697,9,radio/TV
196,2,own,little,,2404,18,radio/TV
197,1,own,,little,1262,12,furniture/equipment
198,2,own,little,,4611,6,furniture/equipment
199,3,rent,moderate,,1901,24,radio/TV
200,2,rent,rich,,3368,15,car
201,2,own,little,,1574,12,furniture/equipment
202,1,own,,rich,1445,18,radio/TV
203,2,own,,,1520,15,furniture/equipment
204,2,own,moderate,moderate,3878,24,car
205,1,own,little,little,10722,47,car
206,2,own,little,little,4788,48,car
207,3,free,moderate,moderate,7582,48,vacation/others
208,2,own,little,moderate,1092,12,radio/TV
209,2,own,little,little,1024,24,radio/TV
210,2,own,little,,1076,12,business
211,3,rent,little,moderate,9398,36,car
212,3,free,little,little,6419,24,car
213,2,free,little,rich,4796,42,car
214,3,own,,,7629,48,business
215,2,own,little,moderate,9960,48,furniture/equipment
216,2,rent,,,4675,12,car
217,1,own,,,1287,10,car
218,2,own,little,,2515,18,furniture/equipment
219,2,own,rich,moderate,2745,21,furniture/equipment
220,0,own,little,,672,6,car
221,2,own,little,moderate,3804,36,radio/TV
222,1,own,,rich,1344,24,car
223,2,own,little,little,1038,10,car
224,2,free,quite rich,,10127,48,car
225,2,own,rich,,1543,6,furniture/equipment
226,1,rent,,,4811,30,car
227,1,own,moderate,little,727,12,radio/TV
228,2,own,little,moderate,1237,8,furniture/equipment
229,1,rent,little,moderate,276,9,car
230,0,free,,moderate,5381,48,vacation/others
231,2,own,moderate,,5511,24,furniture/equipment
232,2,own,little,rich,3749,24,furniture/equipment
233,1,own,little,moderate,685,12,car
234,1,own,,rich,1494,4,car
235,2,own,little,little,2746,36,furniture/equipment
236,1,own,little,little,708,12,furniture/equipment
237,1,own,,moderate,4351,24,furniture/equipment
238,2,own,little,,701,12,education
239,1,own,little,little,3643,15,furniture/equipment
240,3,own,little,moderate,4249,30,car
241,2,own,little,little,1938,24,radio/TV
242,3,free,little,little,2910,24,car
243,2,own,rich,little,2659,18,furniture/equipment
244,2,own,little,,1028,18,car
245,1,own,little,little,3398,8,car
246,2,rent,,,5801,12,furniture/equipment
247,2,own,rich,,1525,24,car
248,2,own,little,rich,4473,36,radio/TV
249,2,own,little,moderate,1068,6,radio/TV
250,3,free,little,little,6615,24,car
251,2,own,moderate,,1864,18,education
252,3,own,moderate,moderate,7408,60,car
253,1,rent,moderate,,11590,48,car
254,2,rent,little,little,4110,24,furniture/equipment
255,3,rent,little,little,3384,6,furniture/equipment
256,1,own,little,moderate,2101,13,radio/TV
257,2,rent,,little,1275,15,domestic appliances
258,2,own,little,little,4169,24,furniture/equipment
259,1,own,little,moderate,1521,10,furniture/equipment
260,2,free,little,moderate,5743,24,education
261,1,rent,little,little,3599,21,furniture/equipment
262,2,rent,quite rich,moderate,3213,18,radio/TV
263,3,own,little,moderate,4439,18,business
264,1,own,little,rich,3949,10,car
265,1,own,little,,1459,15,radio/TV
266,2,own,little,moderate,882,13,radio/TV
267,0,rent,quite rich,moderate,3758,24,radio/TV
268,1,own,moderate,,1743,6,business
269,2,free,rich,moderate,1136,9,education
270,2,rent,little,,1236,9,domestic appliances
271,2,own,little,moderate,959,9,furniture/equipment
272,3,own,,,3229,18,car
273,2,rent,little,little,6199,12,radio/TV
274,2,free,quite rich,,727,10,education
275,1,own,little,moderate,1246,24,car
276,2,own,,,2331,12,radio/TV
277,3,own,little,,4463,36,radio/TV
278,2,own,little,,776,12,radio/TV
279,2,rent,little,little,2406,30,furniture/equipment
280,2,free,,moderate,1239,18,education
281,3,own,,rich,3399,12,radio/TV
282,2,own,little,rich,2247,12,car
283,2,rent,little,,1766,6,furniture/equipment
284,0,own,little,little,2473,18,furniture/equipment
285,2,own,little,,1542,12,business
286,2,own,little,,3850,18,car
287,2,rent,little,little,3650,18,furniture/equipment
288,2,own,little,little,3446,36,furniture/equipment
289,2,rent,little,moderate,3001,18,furniture/equipment
290,2,own,,,3079,36,car
291,2,own,little,,6070,18,radio/TV
292,2,rent,little,,2146,10,furniture/equipment
293,3,free,,,13756,60,car
294,3,free,moderate,moderate,14782,60,vacation/others
295,2,rent,little,little,7685,48,business
296,2,own,little,,2320,18,radio/TV
297,2,free,,,846,7,radio/TV
298,3,free,little,moderate,14318,36,car
299,1,own,moderate,,362,6,car
300,2,own,,little,2212,20,furniture/equipment
301,3,free,little,moderate,12976,18,car
302,2,rent,,,1283,22,car
303,2,own,little,rich,1330,12,car
304,1,own,moderate,,4272,30,business
305,2,own,little,,2238,18,radio/TV
306,2,rent,,,1126,18,radio/TV
307,3,own,little,moderate,7374,18,furniture/equipment
308,2,own,quite rich,moderate,2326,15,business
309,2,own,little,,1449,9,business
310,3,own,little,,1820,18,car
311,1,rent,rich,moderate,983,12,furniture/equipment
312,3,free,little,little,3249,36,car
313,2,own,little,little,1957,6,radio/TV
314,3,own,little,,2406,9,furniture/equipment
315,2,rent,moderate,moderate,11760,39,education
316,3,free,little,little,2578,12,furniture/equipment
317,2,own,little,little,2348,36,furniture/equipment
318,2,rent,little,moderate,1223,12,car
319,1,own,rich,,1516,24,radio/TV
320,2,own,little,,1473,18,radio/TV
321,2,own,,moderate,1887,18,business
322,2,own,little,,8648,24,business
323,1,own,little,,802,14,car
324,2,own,,moderate,2899,18,car
325,2,own,little,moderate,2039,24,radio/TV
326,2,own,,,2197,24,car
327,2,own,little,little,1053,15,radio/TV
328,3,own,quite rich,,3235,24,radio/TV
329,2,own,quite rich,rich,939,12,car
330,2,own,little,moderate,1967,24,radio/TV
331,3,own,little,,7253,33,car
332,3,own,little,,2292,12,business
333,1,rent,quite rich,,1597,10,car
334,2,own,,little,1381,24,car
335,2,own,little,,5842,36,car
336,1,own,little,little,2579,12,car
337,2,rent,,little,8471,18,education
338,3,own,quite rich,,2782,21,car
339,2,own,,moderate,1042,18,car
340,2,rent,rich,,3186,15,car
341,2,own,,moderate,2028,12,car
342,1,own,little,moderate,958,12,car
343,3,own,moderate,,1591,21,furniture/equipment
344,2,own,,moderate,2762,12,furniture/equipment
345,2,rent,little,moderate,2779,18,car
346,2,own,little,,2743,28,radio/TV
347,2,own,rich,,1149,18,radio/TV
348,2,own,little,,1313,9,furniture/equipment
349,0,free,little,little,1190,18,repairs
350,1,own,little,,3448,5,business
351,3,own,little,moderate,11328,24,vacation/others
352,3,free,little,little,1872,6,furniture/equipment
353,2,own,little,,2058,24,repairs
354,2,own,little,little,2136,9,furniture/equipment
355,2,own,,moderate,1484,12,radio/TV
356,1,rent,quite rich,,660,6,repairs
357,2,own,rich,,1287,24,car
358,0,own,little,little,3394,42,repairs
359,0,own,little,rich,609,12,business
360,3,own,little,,1884,12,car
361,2,own,little,little,1620,12,furniture/equipment
362,2,own,little,moderate,2629,20,vacation/others
363,1,own,little,,719,12,education
364,3,own,little,moderate,5096,48,furniture/equipment
365,1,rent,,,1244,9,education
366,2,own,little,little,1842,36,car
367,2,own,little,moderate,2576,7,radio/TV
368,3,own,,rich,1424,12,furniture/equipment
369,2,own,rich,moderate,1512,15,repairs
370,3,own,,,11054,36,car
371,2,own,little,,518,6,radio/TV
372,2,own,little,,2759,12,furniture/equipment
373,3,own,little,,2670,24,car
374,2,own,little,little,4817,24,car
375,3,own,little,,2679,24,car
376,2,rent,little,little,3905,11,car
377,2,free,little,little,3386,12,car
378,2,own,little,little,343,6,domestic appliances
379,2,own,little,,4594,18,radio/TV
380,2,own,little,little,3620,36,furniture/equipment
381,2,own,little,little,1721,15,car
382,3,rent,little,moderate,3017,12,furniture/equipment
383,2,own,,moderate,754,12,education
384,2,own,little,,1950,18,business
385,2,own,little,little,2924,24,car
386,1,rent,little,little,1659,24,radio/TV
387,2,own,,,7238,48,radio/TV
388,2,own,little,,2764,33,business
389,1,own,little,,4679,24,car
390,2,rent,moderate,moderate,3092,24,radio/TV
391,2,own,little,little,448,6,education
392,1,own,little,little,654,9,car
393,3,own,,,1238,6,education
394,2,own,little,moderate,1245,18,radio/TV
395,2,rent,little,little,3114,18,furniture/equipment
396,2,own,quite rich,,2569,39,car
397,2,own,little,rich,5152,24,radio/TV
398,1,own,moderate,moderate,1037,12,business
399,2,own,little,little,1478,15,furniture/equipment
400,1,own,little,moderate,3573,12,radio/TV
401,2,own,little,moderate,1201,24,car
402,2,rent,rich,little,3622,30,furniture/equipment
403,2,own,rich,,960,15,furniture/equipment
404,2,own,quite rich,,1163,12,car
405,3,own,little,moderate,1209,6,car
406,2,own,little,,3077,12,radio/TV
407,2,free,little,,3757,24,car
408,1,rent,moderate,,1418,10,car
409,2,rent,little,,3518,6,car
410,2,own,little,,1934,12,radio/TV
411,3,free,little,moderate,8318,27,business
412,2,own,moderate,,1237,6,radio/TV
413,2,own,,moderate,368,6,radio/TV
414,1,rent,little,little,2122,12,car
415,2,own,,little,2996,24,furniture/equipment
416,3,rent,moderate,moderate,9034,36,furniture/equipment
417,2,own,little,,1585,24,furniture/equipment
418,1,own,little,moderate,1301,18,radio/TV
419,2,own,moderate,rich,1323,6,car
420,2,own,little,little,3123,24,car
421,2,free,little,little,5493,36,car
422,2,own,moderate,rich,1126,9,radio/TV
423,2,own,moderate,moderate,1216,24,radio/TV
424,2,rent,little,little,1207,24,car
425,1,own,,,1309,10,car
426,2,own,quite rich,rich,2360,15,car
427,3,own,moderate,moderate,6850,15,car
428,2,own,little,,1413,24,radio/TV
429,3,own,moderate,,8588,39,car
430,2,own,little,little,759,12,car
431,3,free,little,,4686,36,car
432,2,rent,little,rich,2687,15,business
433,2,rent,little,moderate,585,12,radio/TV
434,2,own,,,2255,24,car
435,2,own,little,little,609,6,car
436,1,own,little,little,1361,6,car
437,2,rent,little,,7127,36,furniture/equipment
438,2,own,moderate,little,1203,6,car
439,2,free,,,700,6,radio/TV
440,2,free,little,,5507,24,repairs
441,2,own,little,little,3190,18,radio/TV
442,2,free,little,little,7119,48,furniture/equipment
443,2,own,moderate,,3488,24,car
444,1,own,little,moderate,1113,18,radio/TV
445,2,own,little,moderate,7966,26,car
446,2,own,moderate,,1532,15,education
447,1,own,little,,1503,4,radio/TV
448,2,rent,little,little,2302,36,radio/TV
449,1,own,little,little,662,6,car
450,2,own,little,moderate,2273,36,education
451,2,rent,moderate,moderate,2631,15,car
452,2,rent,little,,1503,12,car
453,2,own,moderate,,1311,24,radio/TV
454,2,own,,,3105,24,radio/TV
455,2,rent,little,rich,2319,21,education
456,3,own,,little,1374,6,car
457,2,own,little,moderate,3612,18,furniture/equipment
458,3,free,little,little,7763,48,car
459,1,own,little,rich,3049,18,furniture/equipment
460,2,rent,little,moderate,1534,12,radio/TV
461,2,free,little,,2032,24,car
462,2,own,,little,6350,30,furniture/equipment
463,1,own,little,rich,2864,18,furniture/equipment
464,1,own,little,,1255,12,car
465,2,free,little,little,1333,24,car
466,2,own,little,,2022,24,car
467,2,own,little,,1552,24,radio/TV
468,1,own,little,little,626,12,radio/TV
469,2,free,,,8858,48,car
470,2,own,,,996,12,repairs
471,1,own,quite rich,,1750,6,radio/TV
472,2,own,little,little,6999,48,radio/TV
473,2,own,moderate,moderate,1995,12,car
474,3,own,little,moderate,1199,9,education
475,2,own,little,moderate,1331,12,radio/TV
476,2,own,moderate,moderate,2278,18,car
477,2,own,,,5003,21,car
478,2,own,little,little,3552,24,furniture/equipment
479,1,own,little,moderate,1928,18,furniture/equipment
480,2,free,,little,2964,24,car
481,1,rent,little,little,1546,24,radio/TV
482,2,own,little,rich,683,6,radio/TV
483,2,free,,moderate,12389,36,car
484,3,own,,moderate,4712,24,business
485,2,rent,moderate,moderate,1553,24,radio/TV
486,2,own,little,little,1372,12,car
487,2,own,rich,,2578,24,radio/TV
488,2,own,,moderate,3979,48,radio/TV
489,2,own,little,little,6758,48,radio/TV
490,1,rent,little,little,3234,24,furniture/equipment
491,2,own,little,,5954,30,radio/TV
492,3,rent,,,5433,24,car
493,1,own,little,little,806,15,business
494,1,own,little,moderate,1082,9,radio/TV
495,2,own,little,,2788,15,furniture/equipment
496,2,own,little,moderate,2930,12,radio/TV
497,2,own,,,1927,24,education
498,2,own,little,moderate,2820,36,car
499,1,own,little,,937,24,education
500,2,own,little,moderate,1056,18,car
501,1,own,little,moderate,3124,12,car
502,2,rent,little,,1388,9,furniture/equipment
503,1,rent,little,moderate,2384,36,repairs
504,3,free,,,2133,12,car
505,2,rent,little,little,2039,18,furniture/equipment
506,2,rent,little,little,2799,9,car
507,1,own,little,little,1289,12,furniture/equipment
508,1,own,little,little,1217,18,domestic appliances
509,2,own,little,little,2246,12,furniture/equipment
510,1,own,little,little,385,12,radio/TV
511,2,rent,,moderate,1965,24,car
512,1,own,rich,,1572,21,business
513,1,rent,little,moderate,2718,24,car
514,3,own,,little,1358,24,vacation/others
515,1,own,moderate,moderate,931,6,car
516,2,rent,little,little,1442,24,car
517,1,own,little,moderate,4241,24,business
518,2,own,little,,2775,18,car
519,2,free,little,,3863,24,business
520,2,own,little,moderate,2329,7,radio/TV
521,2,own,little,moderate,918,9,furniture/equipment
522,1,free,little,moderate,1837,24,education
523,3,own,little,,3349,36,furniture/equipment
524,2,own,little,rich,1275,10,furniture/equipment
525,2,own,quite rich,little,2828,24,furniture/equipment
526,3,own,little,,4526,24,business
527,2,free,moderate,moderate,2671,36,radio/TV
528,2,own,little,,2051,18,radio/TV
529,2,free,,,1300,15,car
530,2,own,moderate,little,741,12,domestic appliances
531,1,free,moderate,rich,1240,10,car
532,2,own,rich,little,3357,21,radio/TV
533,2,rent,little,little,3632,24,car
534,2,own,little,,1808,18,furniture/equipment
535,3,own,,moderate,12204,48,business
536,3,free,,moderate,9157,60,radio/TV
537,2,rent,little,little,3676,6,car
538,2,rent,moderate,moderate,3441,30,furniture/equipment
539,1,own,little,,640,12,car
540,2,own,little,moderate,3652,21,business
541,2,own,little,,1530,18,car
542,2,own,,,3914,48,business
543,2,rent,little,little,1858,12,furniture/equipment
544,2,free,little,little,2600,18,radio/TV
545,2,own,,,1979,15,radio/TV
546,2,own,little,rich,2116,6,furniture/equipment
547,2,own,moderate,moderate,1437,9,car
548,2,own,quite rich,,4042,42,furniture/equipment
549,1,own,,,3832,9,education
550,2,own,little,little,3660,24,radio/TV
551,2,own,little,little,1553,18,furniture/equipment
552,2,own,,moderate,1444,15,radio/TV
553,2,rent,little,,1980,9,furniture/equipment
554,1,own,little,moderate,1355,24,car
555,2,own,little,,1393,12,education
556,2,own,quite rich,,1376,24,radio/TV
557,2,own,little,,15653,60,radio/TV
558,2,own,little,,1493,12,radio/TV
559,2,own,little,little,4370,42,radio/TV
560,0,own,little,little,750,18,education
561,1,own,little,moderate,1308,15,repairs
562,3,own,moderate,,4623,15,education
563,2,own,little,,1851,24,radio/TV
564,3,own,little,little,1880,18,radio/TV
565,2,rent,,,7980,36,business
566,2,own,little,little,4583,30,furniture/equipment
567,2,own,quite rich,,1386,12,car
568,2,free,little,rich,947,24,car
569,1,rent,little,little,684,12,education
570,3,free,little,little,7476,48,education
571,1,own,little,moderate,1922,12,furniture/equipment
572,2,own,little,little,2303,24,car
573,3,own,moderate,moderate,8086,36,car
574,2,own,little,,2346,24,car
575,2,free,little,little,3973,14,car
576,1,own,little,moderate,888,12,car
577,2,own,,,10222,48,radio/TV
578,2,own,little,moderate,4221,30,business
579,2,own,little,moderate,6361,18,furniture/equipment
580,2,rent,little,rich,1297,12,radio/TV
581,2,own,,little,900,12,car
582,2,own,little,,2241,21,furniture/equipment
583,3,own,little,moderate,1050,6,furniture/equipment
584,1,own,little,rich,1047,6,education
585,3,own,little,,6314,24,vacation/others
586,2,own,rich,moderate,3496,30,furniture/equipment
587,2,own,little,,3609,48,business
588,2,rent,little,little,4843,12,car
589,2,own,little,rich,3017,30,radio/TV
590,1,own,moderate,,4139,24,business
591,2,own,moderate,,5742,36,business
592,3,own,little,,10366,60,car
593,2,own,quite rich,,2080,6,car
594,1,own,quite rich,,2580,21,business
595,3,rent,little,,4530,30,radio/TV
596,2,own,little,,5150,24,furniture/equipment
597,2,own,moderate,moderate,5595,72,radio/TV
598,1,rent,little,little,2384,24,radio/TV
599,2,own,little,,1453,18,radio/TV
600,2,own,little,,1538,6,education
601,2,free,,,2279,12,radio/TV
602,2,own,little,,1478,15,radio/TV
603,2,free,little,,5103,24,radio/TV
604,1,own,moderate,moderate,9857,36,business
605,2,free,,,6527,60,car
606,2,own,,rich,1347,10,radio/TV
607,2,free,moderate,moderate,2862,36,car
608,2,own,moderate,,2753,9,radio/TV
609,2,own,rich,little,3651,12,car
610,2,own,little,little,975,15,furniture/equipment
611,1,own,moderate,moderate,2631,15,repairs
612,2,own,moderate,moderate,2896,24,radio/TV
613,1,own,,little,4716,6,car
614,2,own,little,,2284,24,radio/TV
615,2,rent,quite rich,,1236,6,car
616,2,own,little,moderate,1103,12,radio/TV
617,0,own,little,,926,12,car
618,2,own,little,,1800,18,radio/TV
619,3,rent,little,rich,1905,15,education
620,1,rent,quite rich,,1123,12,furniture/equipment
621,2,free,little,little,6331,48,car
622,2,free,moderate,rich,1377,24,radio/TV
623,2,own,moderate,moderate,2503,30,business
624,2,own,little,moderate,2528,27,business
625,2,free,quite rich,,5324,15,car
626,2,own,moderate,moderate,6560,48,car
627,2,rent,little,moderate,2969,12,furniture/equipment
628,2,own,little,moderate,1206,9,radio/TV
629,1,own,little,moderate,2118,9,radio/TV
630,3,own,quite rich,,629,18,radio/TV
631,2,free,little,little,1198,6,education
632,3,own,,,2476,21,car
633,1,own,little,little,1138,9,radio/TV
634,3,own,little,moderate,14027,60,car
635,2,own,,,7596,30,car
636,2,own,,,3077,30,radio/TV
637,3,free,little,,1505,18,radio/TV
638,2,own,,rich,3148,24,radio/TV
639,2,own,moderate,moderate,6148,20,car
640,3,own,little,rich,1337,9,radio/TV
641,2,rent,rich,moderate,433,6,education
642,1,own,little,little,1228,12,car
643,1,own,quite rich,moderate,790,9,radio/TV
644,2,rent,little,,2570,27,car
645,1,own,rich,,250,6,car
646,1,own,quite rich,,1316,15,radio/TV
647,2,rent,little,little,1882,18,radio/TV
648,2,rent,little,moderate,6416,48,business
649,2,own,rich,rich,1275,24,business
650,2,own,little,moderate,6403,24,radio/TV
651,1,rent,little,little,1987,24,radio/TV
652,1,own,little,moderate,760,8,radio/TV
653,2,rent,rich,,2603,24,car
654,2,own,little,,3380,4,car
655,0,own,,moderate,3990,36,domestic appliances
656,3,rent,little,moderate,11560,24,car
657,1,own,moderate,little,4380,18,car
658,3,own,little,,6761,6,car
659,1,rent,moderate,moderate,4280,30,business
660,2,own,moderate,little,2325,24,car
661,1,own,little,moderate,1048,10,radio/TV
662,2,own,,,3160,21,radio/TV
663,2,own,quite rich,little,2483,24,furniture/equipment
664,3,own,,little,14179,39,furniture/equipment
665,1,own,little,little,1797,13,business
666,2,rent,little,little,2511,15,car
667,1,own,little,little,1274,12,car
668,2,own,,,5248,21,car
669,2,own,little,,3029,15,car
670,2,own,little,little,428,6,furniture/equipment
671,1,own,little,little,976,18,car
672,1,rent,moderate,moderate,841,12,business
673,2,own,little,,5771,30,radio/TV
674,2,free,rich,,1555,12,repairs
675,2,rent,,little,1285,24,car
676,0,own,little,rich,1299,6,car
677,2,free,,rich,1271,15,radio/TV
678,2,own,little,,1393,24,car
679,2,own,little,little,691,12,car
680,2,own,,,5045,15,car
681,2,rent,little,little,2124,18,furniture/equipment
682,1,own,little,little,2214,12,radio/TV
683,3,free,,,12680,21,car
684,2,own,moderate,,2463,24,car
685,1,own,little,moderate,1155,12,radio/TV
686,1,own,little,little,3108,30,furniture/equipment
687,2,rent,,,2901,10,car
688,2,rent,little,moderate,3617,12,furniture/equipment
689,1,own,little,,1655,12,radio/TV
690,2,rent,,little,2812,24,car
691,3,own,little,little,8065,36,education
692,3,own,little,,3275,21,car
693,2,own,moderate,,2223,24,radio/TV
694,0,free,quite rich,rich,1480,12,car
695,2,rent,,little,1371,24,car
696,2,own,little,,3535,36,car
697,2,own,little,little,3509,18,radio/TV
698,3,own,rich,,5711,36,car
699,2,own,little,moderate,3872,18,repairs
700,2,own,little,moderate,4933,39,radio/TV
701,2,own,rich,,1940,24,car
702,1,own,little,moderate,1410,12,education
703,1,own,moderate,moderate,836,12,car
704,3,own,,moderate,6468,20,car
705,1,own,rich,moderate,1941,18,business
706,2,own,quite rich,,2675,22,radio/TV
707,2,own,,,2751,48,car
708,2,free,little,moderate,6224,48,education
709,2,own,little,little,5998,40,education
710,2,own,little,moderate,1188,21,business
711,3,own,,,6313,24,car
712,2,own,,,1221,6,furniture/equipment
713,2,free,little,rich,2892,24,furniture/equipment
714,2,rent,quite rich,,3062,24,furniture/equipment
715,2,rent,moderate,,2301,9,furniture/equipment
716,2,free,,little,7511,18,car
717,1,rent,little,,1258,12,furniture/equipment
718,2,own,,,717,24,car
719,0,own,,moderate,1549,9,car
720,2,free,little,,1597,24,education
721,1,rent,little,moderate,1795,18,radio/TV
722,2,own,little,little,4272,20,furniture/equipment
723,2,own,,,976,12,radio/TV
724,0,rent,,moderate,7472,12,car
725,2,own,little,little,9271,36,car
726,1,own,little,moderate,590,6,radio/TV
727,2,own,,,930,12,radio/TV
728,3,free,little,moderate,9283,42,car
729,0,rent,little,moderate,1778,15,car
730,2,own,little,moderate,907,8,business
731,1,own,little,moderate,484,6,radio/TV
732,2,own,little,little,9629,36,car
733,2,own,little,little,3051,48,domestic appliances
734,2,free,little,little,3931,48,car
735,2,rent,little,moderate,7432,36,car
736,2,own,quite rich,,1338,6,domestic appliances
737,2,rent,little,,1554,6,radio/TV
738,3,own,little,little,15857,36,vacation/others
739,2,own,little,little,1345,18,radio/TV
740,2,own,little,,1101,12,car
741,2,own,little,rich,3016,12,radio/TV
742,2,own,little,little,2712,36,furniture/equipment
743,1,own,little,little,731,8,car
744,3,own,little,,3780,18,furniture/equipment
745,2,own,little,little,1602,21,car
746,2,rent,little,little,3966,18,car
747,2,own,little,,4165,18,business
748,2,free,,little,8335,36,car
749,2,free,,moderate,6681,48,business
750,2,own,quite rich,,2375,24,business
751,2,rent,little,little,1216,18,car
752,2,rent,little,little,11816,45,business
753,2,own,,moderate,5084,24,radio/TV
754,1,own,little,rich,2327,15,radio/TV
755,2,own,little,little,1082,12,car
756,2,own,,,886,12,radio/TV
757,1,rent,little,,601,4,furniture/equipment
758,2,own,little,little,2957,24,car
759,2,own,little,,2611,24,radio/TV
760,2,own,little,little,5179,36,furniture/equipment
761,1,own,little,,2993,21,car
762,2,own,little,,1943,18,repairs
763,2,own,little,,1559,24,business
764,2,own,little,,3422,18,furniture/equipment
765,2,own,,moderate,3976,21,furniture/equipment
766,2,rent,,,6761,18,car
767,2,own,little,,1249,24,car
768,2,own,little,little,1364,9,radio/TV
769,1,own,little,little,709,12,radio/TV
770,2,rent,little,little,2235,20,car
771,2,own,,,4042,24,car
772,2,free,little,,1471,15,radio/TV
773,1,free,little,little,1442,18,car
774,2,own,little,,10875,36,car
775,2,own,moderate,,1474,24,car
776,2,own,,,894,10,education
777,2,free,little,,3343,15,furniture/equipment
778,2,own,little,little,3959,15,car
779,2,rent,moderate,,3577,9,car
780,2,own,rich,,5804,24,car
781,2,own,little,,2169,18,business
782,2,own,little,little,2439,24,radio/TV
783,1,own,rich,,4526,27,furniture/equipment
784,1,rent,little,,2210,10,furniture/equipment
785,2,rent,quite rich,,2221,15,furniture/equipment
786,2,own,little,little,2389,18,radio/TV
787,2,own,little,,3331,12,furniture/equipment
788,2,own,,,7409,36,business
789,2,rent,little,little,652,12,furniture/equipment
790,2,own,quite rich,,7678,36,furniture/equipment
791,2,own,little,rich,1343,6,car
792,2,own,moderate,little,1382,24,business
793,2,own,,,874,15,domestic appliances
794,1,own,little,little,3590,12,furniture/equipment
795,2,own,rich,moderate,1322,11,car
796,3,free,little,little,1940,18,radio/TV
797,2,own,little,,3595,36,radio/TV
798,3,free,little,little,1422,9,car
799,2,own,,,6742,30,radio/TV
800,3,own,little,,7814,24,car
801,2,free,,,9277,24,car
802,2,own,,moderate,2181,30,car
803,0,own,little,,1098,18,radio/TV
804,2,own,little,moderate,4057,24,furniture/equipment
805,2,own,little,little,795,12,education
806,2,own,,moderate,2825,24,business
807,2,own,little,moderate,15672,48,business
808,3,own,little,,6614,36,car
809,2,rent,,,7824,28,car
810,3,own,little,little,2442,27,business
811,2,own,little,,1829,15,radio/TV
812,1,own,little,little,2171,12,car
813,2,own,little,moderate,5800,36,car
814,2,own,,,1169,18,radio/TV
815,3,own,,,8947,36,car
816,3,rent,little,little,2606,21,radio/TV
817,2,own,rich,,1592,12,furniture/equipment
818,1,rent,,,2186,15,furniture/equipment
819,2,own,little,little,4153,18,furniture/equipment
820,2,rent,little,little,2625,16,car
821,2,own,,,3485,20,car
822,2,free,,,10477,36,car
823,2,rent,,,1386,15,radio/TV
824,3,own,little,,1278,24,radio/TV
825,3,rent,little,little,1107,12,radio/TV
826,1,own,,little,3763,21,car
827,2,own,,moderate,3711,36,education
828,1,own,little,,3594,15,car
829,1,own,,moderate,3195,9,car
830,2,own,little,,4454,36,radio/TV
831,1,own,little,moderate,4736,24,furniture/equipment
832,2,own,,moderate,2991,30,radio/TV
833,2,own,rich,,2142,11,business
834,2,rent,little,little,3161,24,business
835,3,own,little,moderate,18424,48,vacation/others
836,2,own,moderate,,2848,10,car
837,3,own,little,little,14896,6,car
838,2,own,moderate,little,2359,24,furniture/equipment
839,3,rent,little,little,3345,24,furniture/equipment
840,2,own,little,,1817,18,furniture/equipment
841,3,own,quite rich,,12749,48,radio/TV
842,2,rent,little,little,1366,9,radio/TV
843,2,rent,little,moderate,2002,12,car
844,2,own,little,little,6872,24,furniture/equipment
845,2,own,little,little,697,12,car
846,2,rent,little,little,1049,18,furniture/equipment
847,2,free,little,little,10297,48,car
848,2,own,,,1867,30,radio/TV
849,1,own,little,little,1344,12,car
850,1,own,little,little,1747,24,furniture/equipment
851,2,own,little,moderate,1670,9,radio/TV
852,2,own,little,,1224,9,car
853,2,own,quite rich,,522,12,radio/TV
854,2,own,little,little,1498,12,radio/TV
855,3,own,moderate,moderate,1919,30,radio/TV
856,1,own,little,rich,745,9,radio/TV
857,3,rent,little,moderate,2063,6,radio/TV
858,2,free,little,moderate,6288,60,education
859,3,own,,,6842,24,car
860,3,own,,,3527,12,car
861,1,own,little,,1546,10,car
862,2,own,,,929,24,furniture/equipment
863,1,own,little,,1455,4,car
864,2,rent,little,little,1845,15,furniture/equipment
865,2,own,quite rich,moderate,8358,48,car
866,2,free,quite rich,little,3349,24,furniture/equipment
867,3,own,,,2859,12,car
868,1,own,little,,1533,18,furniture/equipment
869,2,own,moderate,,3621,24,radio/TV
870,0,own,little,moderate,3590,18,business
871,2,own,little,little,2145,36,business
872,2,rent,quite rich,moderate,4113,24,car
873,3,own,little,,10974,36,furniture/equipment
874,2,own,little,little,1893,12,car
875,3,rent,rich,little,1231,24,radio/TV
876,1,own,,rich,3656,30,radio/TV
877,1,own,little,moderate,1154,9,radio/TV
878,1,own,little,little,4006,28,car
879,2,free,moderate,moderate,3069,24,furniture/equipment
880,2,rent,little,,1740,6,radio/TV
881,2,own,little,moderate,2353,21,car
882,2,own,,,3556,15,car
883,2,own,quite rich,,2397,24,radio/TV
884,1,own,little,moderate,454,6,repairs
885,2,own,,moderate,1715,30,radio/TV
886,1,own,quite rich,moderate,2520,27,radio/TV
887,3,rent,little,,3568,15,radio/TV
888,2,rent,,,7166,42,radio/TV
889,1,own,little,little,3939,11,car
890,2,own,moderate,moderate,1514,15,repairs
891,1,own,little,,7393,24,car
892,0,rent,little,little,1193,24,car
893,2,rent,little,little,7297,60,business
894,2,own,little,,2831,30,radio/TV
895,1,own,quite rich,rich,1258,24,radio/TV
896,2,own,little,moderate,753,6,radio/TV
897,2,own,,moderate,2427,18,business
898,1,own,little,,2538,24,car
899,2,rent,moderate,moderate,1264,15,car
900,2,own,little,moderate,8386,30,furniture/equipment
901,3,rent,little,,4844,48,business
902,3,own,moderate,rich,2923,21,car
903,2,own,little,little,8229,36,car
904,1,own,little,,2028,24,furniture/equipment
905,2,rent,little,little,1433,15,furniture/equipment
906,2,own,little,rich,6289,42,business
907,2,own,moderate,,1409,13,radio/TV
908,3,free,little,little,6579,24,car
909,1,own,little,moderate,1743,24,radio/TV
910,1,own,,,3565,12,education
911,1,own,moderate,,1569,15,radio/TV
912,1,rent,,little,1936,18,radio/TV
913,3,own,little,little,3959,36,furniture/equipment
914,2,own,,,2390,12,car
915,1,own,little,,1736,12,furniture/equipment
916,3,own,little,little,3857,30,car
917,2,own,little,,804,12,radio/TV
918,2,free,little,little,1845,45,radio/TV
919,2,own,moderate,moderate,4576,45,car
