,id,age,sex,dataset,cp,trestbps,chol,fbs,restecg,thalch,exang,oldpeak,slope,ca,thal,num
0,1,63,Male,Cleveland,typical angina,145.0,233.0,True,lv hypertrophy,150.0,False,2.3,downsloping,0.0,fixed defect,0
1,2,67,Male,Cleveland,asymptomatic,160.0,286.0,False,lv hypertrophy,108.0,True,1.5,flat,3.0,normal,2
2,3,67,Male,Cleveland,asymptomatic,120.0,229.0,False,lv hypertrophy,129.0,True,2.6,flat,2.0,reversable defect,1
3,4,37,Male,Cleveland,non-anginal,130.0,250.0,False,normal,187.0,False,3.5,downsloping,0.0,normal,0
4,5,41,Female,Cleveland,atypical angina,130.0,204.0,False,lv hypertrophy,172.0,False,1.4,upsloping,0.0,normal,0
5,6,56,Male,Cleveland,atypical angina,120.0,236.0,False,normal,178.0,False,0.8,upsloping,0.0,normal,0
6,7,62,Female,Cleveland,asymptomatic,140.0,268.0,False,lv hypertrophy,160.0,False,3.6,downsloping,2.0,normal,3
7,8,57,Female,Cleveland,asymptomatic,120.0,354.0,False,normal,163.0,True,0.6,upsloping,0.0,normal,0
8,9,63,Male,Cleveland,asymptomatic,130.0,254.0,False,lv hypertrophy,147.0,False,1.4,flat,1.0,reversable defect,2
9,10,53,Male,Cleveland,asymptomatic,140.0,203.0,True,lv hypertrophy,155.0,True,3.1,downsloping,0.0,reversable defect,1
10,11,57,Male,Cleveland,asymptomatic,140.0,192.0,False,normal,148.0,False,0.4,flat,0.0,fixed defect,0
11,12,56,Female,Cleveland,atypical angina,140.0,294.0,False,lv hypertrophy,153.0,False,1.3,flat,0.0,normal,0
12,13,56,Male,Cleveland,non-anginal,130.0,256.0,True,lv hypertrophy,142.0,True,0.6,flat,1.0,fixed defect,2
13,14,44,Male,Cleveland,atypical angina,120.0,263.0,False,normal,173.0,False,0.0,upsloping,0.0,reversable defect,0
14,15,52,Male,Cleveland,non-anginal,172.0,199.0,True,normal,162.0,False,0.5,upsloping,0.0,reversable defect,0
15,16,57,Male,Cleveland,non-anginal,150.0,168.0,False,normal,174.0,False,1.6,upsloping,0.0,normal,0
16,17,48,Male,Cleveland,atypical angina,110.0,229.0,False,normal,168.0,False,1.0,downsloping,0.0,reversable defect,1
17,18,54,Male,Cleveland,asymptomatic,140.0,239.0,False,normal,160.0,False,1.2,upsloping,0.0,normal,0
18,19,48,Female,Cleveland,non-anginal,130.0,275.0,False,normal,139.0,False,0.2,upsloping,0.0,normal,0
19,20,49,Male,Cleveland,atypical angina,130.0,266.0,False,normal,171.0,False,0.6,upsloping,0.0,normal,0
20,21,64,Male,Cleveland,typical angina,110.0,211.0,False,lv hypertrophy,144.0,True,1.8,flat,0.0,normal,0
21,22,58,Female,Cleveland,typical angina,150.0,283.0,True,lv hypertrophy,162.0,False,1.0,upsloping,0.0,normal,0
22,23,58,Male,Cleveland,atypical angina,120.0,284.0,False,lv hypertrophy,160.0,False,1.8,flat,0.0,normal,1
23,24,58,Male,Cleveland,non-anginal,132.0,224.0,False,lv hypertrophy,173.0,False,3.2,upsloping,2.0,reversable defect,3
24,25,60,Male,Cleveland,asymptomatic,130.0,206.0,False,lv hypertrophy,132.0,True,2.4,flat,2.0,reversable defect,4
25,26,50,Female,Cleveland,non-anginal,120.0,219.0,False,normal,158.0,False,1.6,flat,0.0,normal,0
26,27,58,Female,Cleveland,non-anginal,120.0,340.0,False,normal,172.0,False,0.0,upsloping,0.0,normal,0
27,28,66,Female,Cleveland,typical angina,150.0,226.0,False,normal,114.0,False,2.6,downsloping,0.0,normal,0
28,29,43,Male,Cleveland,asymptomatic,150.0,247.0,False,normal,171.0,False,1.5,upsloping,0.0,normal,0
29,30,40,Male,Cleveland,asymptomatic,110.0,167.0,False,lv hypertrophy,114.0,True,2.0,flat,0.0,reversable defect,3
30,31,69,Female,Cleveland,typical angina,140.0,239.0,False,normal,151.0,False,1.8,upsloping,2.0,normal,0
31,32,60,Male,Cleveland,asymptomatic,117.0,230.0,True,normal,160.0,True,1.4,upsloping,2.0,reversable defect,2
32,33,64,Male,Cleveland,non-anginal,140.0,335.0,False,normal,158.0,False,0.0,upsloping,0.0,normal,1
33,34,59,Male,Cleveland,asymptomatic,135.0,234.0,False,normal,161.0,False,0.5,flat,0.0,reversable defect,0
34,35,44,Male,Cleveland,non-anginal,130.0,233.0,False,normal,179.0,True,0.4,upsloping,0.0,normal,0
35,36,42,Male,Cleveland,asymptomatic,140.0,226.0,False,normal,178.0,False,0.0,upsloping,0.0,normal,0
36,37,43,Male,Cleveland,asymptomatic,120.0,177.0,False,lv hypertrophy,120.0,True,2.5,flat,0.0,reversable defect,3
37,38,57,Male,Cleveland,asymptomatic,150.0,276.0,False,lv hypertrophy,112.0,True,0.6,flat,1.0,fixed defect,1
38,39,55,Male,Cleveland,asymptomatic,132.0,353.0,False,normal,132.0,True,1.2,flat,1.0,reversable defect,3
39,40,61,Male,Cleveland,non-anginal,150.0,243.0,True,normal,137.0,True,1.0,flat,0.0,normal,0
40,41,65,Female,Cleveland,asymptomatic,150.0,225.0,False,lv hypertrophy,114.0,False,1.0,flat,3.0,reversable defect,4
41,42,40,Male,Cleveland,typical angina,140.0,199.0,False,normal,178.0,True,1.4,upsloping,0.0,reversable defect,0
42,43,71,Female,Cleveland,atypical angina,160.0,302.0,False,normal,162.0,False,0.4,upsloping,2.0,normal,0
43,44,59,Male,Cleveland,non-anginal,150.0,212.0,True,normal,157.0,False,1.6,upsloping,0.0,normal,0
44,45,61,Female,Cleveland,asymptomatic,130.0,330.0,False,lv hypertrophy,169.0,False,0.0,upsloping,0.0,normal,1
45,46,58,Male,Cleveland,non-anginal,112.0,230.0,False,lv hypertrophy,165.0,False,2.5,flat,1.0,reversable defect,4
46,47,51,Male,Cleveland,non-anginal,110.0,175.0,False,normal,123.0,False,0.6,upsloping,0.0,normal,0
47,48,50,Male,Cleveland,asymptomatic,150.0,243.0,False,lv hypertrophy,128.0,False,2.6,flat,0.0,reversable defect,4
48,49,65,Female,Cleveland,non-anginal,140.0,417.0,True,lv hypertrophy,157.0,False,0.8,upsloping,1.0,normal,0
49,50,53,Male,Cleveland,non-anginal,130.0,197.0,True,lv hypertrophy,152.0,False,1.2,downsloping,0.0,normal,0
50,51,41,Female,Cleveland,atypical angina,105.0,198.0,False,normal,168.0,False,0.0,upsloping,1.0,normal,0
51,52,65,Male,Cleveland,asymptomatic,120.0,177.0,False,normal,140.0,False,0.4,upsloping,0.0,reversable defect,0
52,53,44,Male,Cleveland,asymptomatic,112.0,290.0,False,lv hypertrophy,153.0,False,0.0,upsloping,1.0,normal,2
53,54,44,Male,Cleveland,atypical angina,130.0,219.0,False,lv hypertrophy,188.0,False,0.0,upsloping,0.0,normal,0
54,55,60,Male,Cleveland,asymptomatic,130.0,253.0,False,normal,144.0,True,1.4,upsloping,1.0,reversable defect,1
55,56,54,Male,Cleveland,asymptomatic,124.0,266.0,False,lv hypertrophy,109.0,True,2.2,flat,1.0,reversable defect,1
56,57,50,Male,Cleveland,non-anginal,140.0,233.0,False,normal,163.0,False,0.6,flat,1.0,reversable defect,1
57,58,41,Male,Cleveland,asymptomatic,110.0,172.0,False,lv hypertrophy,158.0,False,0.0,upsloping,0.0,reversable defect,1
58,59,54,Male,Cleveland,non-anginal,125.0,273.0,False,lv hypertrophy,152.0,False,0.5,downsloping,1.0,normal,0
59,60,51,Male,Cleveland,typical angina,125.0,213.0,False,lv hypertrophy,125.0,True,1.4,upsloping,1.0,normal,0
60,61,51,Female,Cleveland,asymptomatic,130.0,305.0,False,normal,142.0,True,1.2,flat,0.0,reversable defect,2
61,62,46,Female,Cleveland,non-anginal,142.0,177.0,False,lv hypertrophy,160.0,True,1.4,downsloping,0.0,normal,0
62,63,58,Male,Cleveland,asymptomatic,128.0,216.0,False,lv hypertrophy,131.0,True,2.2,flat,3.0,reversable defect,1
63,64,54,Female,Cleveland,non-anginal,135.0,304.0,True,normal,170.0,False,0.0,upsloping,0.0,normal,0
64,65,54,Male,Cleveland,asymptomatic,120.0,188.0,False,normal,113.0,False,1.4,flat,1.0,reversable defect,2
65,66,60,Male,Cleveland,asymptomatic,145.0,282.0,False,lv hypertrophy,142.0,True,2.8,flat,2.0,reversable defect,2
66,67,60,Male,Cleveland,non-anginal,140.0,185.0,False,lv hypertrophy,155.0,False,3.0,flat,0.0,normal,1
67,68,54,Male,Cleveland,non-anginal,150.0,232.0,False,lv hypertrophy,165.0,False,1.6,upsloping,0.0,reversable defect,0
68,69,59,Male,Cleveland,asymptomatic,170.0,326.0,False,lv hypertrophy,140.0,True,3.4,downsloping,0.0,reversable defect,2
69,70,46,Male,Cleveland,non-anginal,150.0,231.0,False,normal,147.0,False,3.6,flat,0.0,normal,1
70,71,65,Female,Cleveland,non-anginal,155.0,269.0,False,normal,148.0,False,0.8,upsloping,0.0,normal,0
71,72,67,Male,Cleveland,asymptomatic,125.0,254.0,True,normal,163.0,False,0.2,flat,2.0,reversable defect,3
72,73,62,Male,Cleveland,asymptomatic,120.0,267.0,False,normal,99.0,True,1.8,flat,2.0,reversable defect,1
73,74,65,Male,Cleveland,asymptomatic,110.0,248.0,False,lv hypertrophy,158.0,False,0.6,upsloping,2.0,fixed defect,1
74,75,44,Male,Cleveland,asymptomatic,110.0,197.0,False,lv hypertrophy,177.0,False,0.0,upsloping,1.0,normal,1
75,76,65,Female,Cleveland,non-anginal,160.0,360.0,False,lv hypertrophy,151.0,False,0.8,upsloping,0.0,normal,0
76,77,60,Male,Cleveland,asymptomatic,125.0,258.0,False,lv hypertrophy,141.0,True,2.8,flat,1.0,reversable defect,1
77,78,51,Female,Cleveland,non-anginal,140.0,308.0,False,lv hypertrophy,142.0,False,1.5,upsloping,1.0,normal,0
78,79,48,Male,Cleveland,atypical angina,130.0,245.0,False,lv hypertrophy,180.0,False,0.2,flat,0.0,normal,0
79,80,58,Male,Cleveland,asymptomatic,150.0,270.0,False,lv hypertrophy,111.0,True,0.8,upsloping,0.0,reversable defect,3
80,81,45,Male,Cleveland,asymptomatic,104.0,208.0,False,lv hypertrophy,148.0,True,3.0,flat,0.0,normal,0
81,82,53,Female,Cleveland,asymptomatic,130.0,264.0,False,lv hypertrophy,143.0,False,0.4,flat,0.0,normal,0
82,83,39,Male,Cleveland,non-anginal,140.0,321.0,False,lv hypertrophy,182.0,False,0.0,upsloping,0.0,normal,0
83,84,68,Male,Cleveland,non-anginal,180.0,274.0,True,lv hypertrophy,150.0,True,1.6,flat,0.0,reversable defect,3
84,85,52,Male,Cleveland,atypical angina,120.0,325.0,False,normal,172.0,False,0.2,upsloping,0.0,normal,0
85,86,44,Male,Cleveland,non-anginal,140.0,235.0,False,lv hypertrophy,180.0,False,0.0,upsloping,0.0,normal,0
86,87,47,Male,Cleveland,non-anginal,138.0,257.0,False,lv hypertrophy,156.0,False,0.0,upsloping,0.0,normal,0
87,88,53,Female,Cleveland,non-anginal,128.0,216.0,False,lv hypertrophy,115.0,False,0.0,upsloping,0.0,,0
88,89,53,Female,Cleveland,asymptomatic,138.0,234.0,False,lv hypertrophy,160.0,False,0.0,upsloping,0.0,normal,0
89,90,51,Female,Cleveland,non-anginal,130.0,256.0,False,lv hypertrophy,149.0,False,0.5,upsloping,0.0,normal,0
90,91,66,Male,Cleveland,asymptomatic,120.0,302.0,False,lv hypertrophy,151.0,False,0.4,flat,0.0,normal,0
91,92,62,Female,Cleveland,asymptomatic,160.0,164.0,False,lv hypertrophy,145.0,False,6.2,downsloping,3.0,reversable defect,3
92,93,62,Male,Cleveland,non-anginal,130.0,231.0,False,normal,146.0,False,1.8,flat,3.0,reversable defect,0
93,94,44,Female,Cleveland,non-anginal,108.0,141.0,False,normal,175.0,False,0.6,flat,0.0,normal,0
94,95,63,Female,Cleveland,non-anginal,135.0,252.0,False,lv hypertrophy,172.0,False,0.0,upsloping,0.0,normal,0
95,96,52,Male,Cleveland,asymptomatic,128.0,255.0,False,normal,161.0,True,0.0,upsloping,1.0,reversable defect,1
96,97,59,Male,Cleveland,asymptomatic,110.0,239.0,False,lv hypertrophy,142.0,True,1.2,flat,1.0,reversable defect,2
97,98,60,Female,Cleveland,asymptomatic,150.0,258.0,False,lv hypertrophy,157.0,False,2.6,flat,2.0,reversable defect,3
98,99,52,Male,Cleveland,atypical angina,134.0,201.0,False,normal,158.0,False,0.8,upsloping,1.0,normal,0
99,100,48,Male,Cleveland,asymptomatic,122.0,222.0,False,lv hypertrophy,186.0,False,0.0,upsloping,0.0,normal,0
100,101,45,Male,Cleveland,asymptomatic,115.0,260.0,False,lv hypertrophy,185.0,False,0.0,upsloping,0.0,normal,0
101,102,34,Male,Cleveland,typical angina,118.0,182.0,False,lv hypertrophy,174.0,False,0.0,upsloping,0.0,normal,0
102,103,57,Female,Cleveland,asymptomatic,128.0,303.0,False,lv hypertrophy,159.0,False,0.0,upsloping,1.0,normal,0
103,104,71,Female,Cleveland,non-anginal,110.0,265.0,True,lv hypertrophy,130.0,False,0.0,upsloping,1.0,normal,0
104,105,49,Male,Cleveland,non-anginal,120.0,188.0,False,normal,139.0,False,2.0,flat,3.0,reversable defect,3
105,106,54,Male,Cleveland,atypical angina,108.0,309.0,False,normal,156.0,False,0.0,upsloping,0.0,reversable defect,0
106,107,59,Male,Cleveland,asymptomatic,140.0,177.0,False,normal,162.0,True,0.0,upsloping,1.0,reversable defect,2
107,108,57,Male,Cleveland,non-anginal,128.0,229.0,False,lv hypertrophy,150.0,False,0.4,flat,1.0,reversable defect,1
108,109,61,Male,Cleveland,asymptomatic,120.0,260.0,False,normal,140.0,True,3.6,flat,1.0,reversable defect,2
109,110,39,Male,Cleveland,asymptomatic,118.0,219.0,False,normal,140.0,False,1.2,flat,0.0,reversable defect,3
110,111,61,Female,Cleveland,asymptomatic,145.0,307.0,False,lv hypertrophy,146.0,True,1.0,flat,0.0,reversable defect,1
111,112,56,Male,Cleveland,asymptomatic,125.0,249.0,True,lv hypertrophy,144.0,True,1.2,flat,1.0,normal,1
112,113,52,Male,Cleveland,typical angina,118.0,186.0,False,lv hypertrophy,190.0,False,0.0,flat,0.0,fixed defect,0
113,114,43,Female,Cleveland,asymptomatic,132.0,341.0,True,lv hypertrophy,136.0,True,3.0,flat,0.0,reversable defect,2
114,115,62,Female,Cleveland,non-anginal,130.0,263.0,False,normal,97.0,False,1.2,flat,1.0,reversable defect,2
115,116,41,Male,Cleveland,atypical angina,135.0,203.0,False,normal,132.0,False,0.0,flat,0.0,fixed defect,0
116,117,58,Male,Cleveland,non-anginal,140.0,211.0,True,lv hypertrophy,165.0,False,0.0,upsloping,0.0,normal,0
117,118,35,Female,Cleveland,asymptomatic,138.0,183.0,False,normal,182.0,False,1.4,upsloping,0.0,normal,0
118,119,63,Male,Cleveland,asymptomatic,130.0,330.0,True,lv hypertrophy,132.0,True,1.8,upsloping,3.0,reversable defect,3
119,120,65,Male,Cleveland,asymptomatic,135.0,254.0,False,lv hypertrophy,127.0,False,2.8,flat,1.0,reversable defect,2
120,121,48,Male,Cleveland,asymptomatic,130.0,256.0,True,lv hypertrophy,150.0,True,0.0,upsloping,2.0,reversable defect,3
121,122,63,Female,Cleveland,asymptomatic,150.0,407.0,False,lv hypertrophy,154.0,False,4.0,flat,3.0,reversable defect,4
122,123,51,Male,Cleveland,non-anginal,100.0,222.0,False,normal,143.0,True,1.2,flat,0.0,normal,0
123,124,55,Male,Cleveland,asymptomatic,140.0,217.0,False,normal,111.0,True,5.6,downsloping,0.0,reversable defect,3
124,125,65,Male,Cleveland,typical angina,138.0,282.0,True,lv hypertrophy,174.0,False,1.4,flat,1.0,normal,1
125,126,45,Female,Cleveland,atypical angina,130.0,234.0,False,lv hypertrophy,175.0,False,0.6,flat,0.0,normal,0
126,127,56,Female,Cleveland,asymptomatic,200.0,288.0,True,lv hypertrophy,133.0,True,4.0,downsloping,2.0,reversable defect,3
127,128,54,Male,Cleveland,asymptomatic,110.0,239.0,False,normal,126.0,True,2.8,flat,1.0,reversable defect,3
128,129,44,Male,Cleveland,atypical angina,120.0,220.0,False,normal,170.0,False,0.0,upsloping,0.0,normal,0
129,130,62,Female,Cleveland,asymptomatic,124.0,209.0,False,normal,163.0,False,0.0,upsloping,0.0,normal,0
130,131,54,Male,Cleveland,non-anginal,120.0,258.0,False,lv hypertrophy,147.0,False,0.4,flat,0.0,reversable defect,0
131,132,51,Male,Cleveland,non-anginal,94.0,227.0,False,normal,154.0,True,0.0,upsloping,1.0,reversable defect,0
132,133,29,Male,Cleveland,atypical angina,130.0,204.0,False,lv hypertrophy,202.0,False,0.0,upsloping,0.0,normal,0
133,134,51,Male,Cleveland,asymptomatic,140.0,261.0,False,lv hypertrophy,186.0,True,0.0,upsloping,0.0,normal,0
134,135,43,Female,Cleveland,non-anginal,122.0,213.0,False,normal,165.0,False,0.2,flat,0.0,normal,0
135,136,55,Female,Cleveland,atypical angina,135.0,250.0,False,lv hypertrophy,161.0,False,1.4,flat,0.0,normal,0
136,137,70,Male,Cleveland,asymptomatic,145.0,174.0,False,normal,125.0,True,2.6,downsloping,0.0,reversable defect,4
137,138,62,Male,Cleveland,atypical angina,120.0,281.0,False,lv hypertrophy,103.0,False,1.4,flat,1.0,reversable defect,3
138,139,35,Male,Cleveland,asymptomatic,120.0,198.0,False,normal,130.0,True,1.6,flat,0.0,reversable defect,1
139,140,51,Male,Cleveland,non-anginal,125.0,245.0,True,lv hypertrophy,166.0,False,2.4,flat,0.0,normal,0
140,141,59,Male,Cleveland,atypical angina,140.0,221.0,False,normal,164.0,True,0.0,upsloping,0.0,normal,0
141,142,59,Male,Cleveland,typical angina,170.0,288.0,False,lv hypertrophy,159.0,False,0.2,flat,0.0,reversable defect,1
142,143,52,Male,Cleveland,atypical angina,128.0,205.0,True,normal,184.0,False,0.0,upsloping,0.0,normal,0
143,144,64,Male,Cleveland,non-anginal,125.0,309.0,False,normal,131.0,True,1.8,flat,0.0,reversable defect,1
144,145,58,Male,Cleveland,non-anginal,105.0,240.0,False,lv hypertrophy,154.0,True,0.6,flat,0.0,reversable defect,0
145,146,47,Male,Cleveland,non-anginal,108.0,243.0,False,normal,152.0,False,0.0,upsloping,0.0,normal,1
146,147,57,Male,Cleveland,asymptomatic,165.0,289.0,True,lv hypertrophy,124.0,False,1.0,flat,3.0,reversable defect,4
147,148,41,Male,Cleveland,non-anginal,112.0,250.0,False,normal,179.0,False,0.0,upsloping,0.0,normal,0
148,149,45,Male,Cleveland,atypical angina,128.0,308.0,False,lv hypertrophy,170.0,False,0.0,upsloping,0.0,normal,0
149,150,60,Female,Cleveland,non-anginal,102.0,318.0,False,normal,160.0,False,0.0,upsloping,1.0,normal,0
150,151,52,Male,Cleveland,typical angina,152.0,298.0,True,normal,178.0,False,1.2,flat,0.0,reversable defect,0
151,152,42,Female,Cleveland,asymptomatic,102.0,265.0,False,lv hypertrophy,122.0,False,0.6,flat,0.0,normal,0
152,153,67,Female,Cleveland,non-anginal,115.0,564.0,False,lv hypertrophy,160.0,False,1.6,flat,0.0,reversable defect,0
153,154,55,Male,Cleveland,asymptomatic,160.0,289.0,False,lv hypertrophy,145.0,True,0.8,flat,1.0,reversable defect,4
154,155,64,Male,Cleveland,asymptomatic,120.0,246.0,False,lv hypertrophy,96.0,True,2.2,downsloping,1.0,normal,3
155,156,70,Male,Cleveland,asymptomatic,130.0,322.0,False,lv hypertrophy,109.0,False,2.4,flat,3.0,normal,1
156,157,51,Male,Cleveland,asymptomatic,140.0,299.0,False,normal,173.0,True,1.6,upsloping,0.0,reversable defect,1
157,158,58,Male,Cleveland,asymptomatic,125.0,300.0,False,lv hypertrophy,171.0,False,0.0,upsloping,2.0,reversable defect,1
158,159,60,Male,Cleveland,asymptomatic,140.0,293.0,False,lv hypertrophy,170.0,False,1.2,flat,2.0,reversable defect,2
159,160,68,Male,Cleveland,non-anginal,118.0,277.0,False,normal,151.0,False,1.0,upsloping,1.0,reversable defect,0
160,161,46,Male,Cleveland,atypical angina,101.0,197.0,True,normal,156.0,False,0.0,upsloping,0.0,reversable defect,0
161,162,77,Male,Cleveland,asymptomatic,125.0,304.0,False,lv hypertrophy,162.0,True,0.0,upsloping,3.0,normal,4
162,163,54,Female,Cleveland,non-anginal,110.0,214.0,False,normal,158.0,False,1.6,flat,0.0,normal,0
163,164,58,Female,Cleveland,asymptomatic,100.0,248.0,False,lv hypertrophy,122.0,False,1.0,flat,0.0,normal,0
164,165,48,Male,Cleveland,non-anginal,124.0,255.0,True,normal,175.0,False,0.0,upsloping,2.0,normal,0
165,166,57,Male,Cleveland,asymptomatic,132.0,207.0,False,normal,168.0,True,0.0,upsloping,0.0,reversable defect,0
166,167,52,Male,Cleveland,non-anginal,138.0,223.0,False,normal,169.0,False,0.0,upsloping,,normal,0
167,168,54,Female,Cleveland,atypical angina,132.0,288.0,True,lv hypertrophy,159.0,True,0.0,upsloping,1.0,normal,0
168,169,35,Male,Cleveland,asymptomatic,126.0,282.0,False,lv hypertrophy,156.0,True,0.0,upsloping,0.0,reversable defect,1
169,170,45,Female,Cleveland,atypical angina,112.0,160.0,False,normal,138.0,False,0.0,flat,0.0,normal,0
170,171,70,Male,Cleveland,non-anginal,160.0,269.0,False,normal,112.0,True,2.9,flat,1.0,reversable defect,3
171,172,53,Male,Cleveland,asymptomatic,142.0,226.0,False,lv hypertrophy,111.0,True,0.0,upsloping,0.0,reversable defect,0
172,173,59,Female,Cleveland,asymptomatic,174.0,249.0,False,normal,143.0,True,0.0,flat,0.0,normal,1
173,174,62,Female,Cleveland,asymptomatic,140.0,394.0,False,lv hypertrophy,157.0,False,1.2,flat,0.0,normal,0
174,175,64,Male,Cleveland,asymptomatic,145.0,212.0,False,lv hypertrophy,132.0,False,2.0,flat,2.0,fixed defect,4
175,176,57,Male,Cleveland,asymptomatic,152.0,274.0,False,normal,88.0,True,1.2,flat,1.0,reversable defect,1
176,177,52,Male,Cleveland,asymptomatic,108.0,233.0,True,normal,147.0,False,0.1,upsloping,3.0,reversable defect,0
177,178,56,Male,Cleveland,asymptomatic,132.0,184.0,False,lv hypertrophy,105.0,True,2.1,flat,1.0,fixed defect,1
178,179,43,Male,Cleveland,non-anginal,130.0,315.0,False,normal,162.0,False,1.9,upsloping,1.0,normal,0
179,180,53,Male,Cleveland,non-anginal,130.0,246.0,True,lv hypertrophy,173.0,False,0.0,upsloping,3.0,normal,0
180,181,48,Male,Cleveland,asymptomatic,124.0,274.0,False,lv hypertrophy,166.0,False,0.5,flat,0.0,reversable defect,3
181,182,56,Female,Cleveland,asymptomatic,134.0,409.0,False,lv hypertrophy,150.0,True,1.9,flat,2.0,reversable defect,2
182,183,42,Male,Cleveland,typical angina,148.0,244.0,False,lv hypertrophy,178.0,False,0.8,upsloping,2.0,normal,0
183,184,59,Male,Cleveland,typical angina,178.0,270.0,False,lv hypertrophy,145.0,False,4.2,downsloping,0.0,reversable defect,0
184,185,60,Female,Cleveland,asymptomatic,158.0,305.0,False,lv hypertrophy,161.0,False,0.0,upsloping,0.0,normal,1
185,186,63,Female,Cleveland,atypical angina,140.0,195.0,False,normal,179.0,False,0.0,upsloping,2.0,normal,0
186,187,42,Male,Cleveland,non-anginal,120.0,240.0,True,normal,194.0,False,0.8,downsloping,0.0,reversable defect,0
187,188,66,Male,Cleveland,atypical angina,160.0,246.0,False,normal,120.0,True,0.0,flat,3.0,fixed defect,2
188,189,54,Male,Cleveland,atypical angina,192.0,283.0,False,lv hypertrophy,195.0,False,0.0,upsloping,1.0,reversable defect,1
189,190,69,Male,Cleveland,non-anginal,140.0,254.0,False,lv hypertrophy,146.0,False,2.0,flat,3.0,reversable defect,2
190,191,50,Male,Cleveland,non-anginal,129.0,196.0,False,normal,163.0,False,0.0,upsloping,0.0,normal,0
191,192,51,Male,Cleveland,asymptomatic,140.0,298.0,False,normal,122.0,True,4.2,flat,3.0,reversable defect,3
192,193,43,Male,Cleveland,asymptomatic,132.0,247.0,True,lv hypertrophy,143.0,True,0.1,flat,,reversable defect,1
193,194,62,Female,Cleveland,asymptomatic,138.0,294.0,True,normal,106.0,False,1.9,flat,3.0,normal,2
194,195,68,Female,Cleveland,non-anginal,120.0,211.0,False,lv hypertrophy,115.0,False,1.5,flat,0.0,normal,0
195,196,67,Male,Cleveland,asymptomatic,100.0,299.0,False,lv hypertrophy,125.0,True,0.9,flat,2.0,normal,3
196,197,69,Male,Cleveland,typical angina,160.0,234.0,True,lv hypertrophy,131.0,False,0.1,flat,1.0,normal,0
197,198,45,Female,Cleveland,asymptomatic,138.0,236.0,False,lv hypertrophy,152.0,True,0.2,flat,0.0,normal,0
198,199,50,Female,Cleveland,atypical angina,120.0,244.0,False,normal,162.0,False,1.1,upsloping,0.0,normal,0
199,200,59,Male,Cleveland,typical angina,160.0,273.0,False,lv hypertrophy,125.0,False,0.0,upsloping,0.0,normal,1
200,201,50,Female,Cleveland,asymptomatic,110.0,254.0,False,lv hypertrophy,159.0,False,0.0,upsloping,0.0,normal,0
201,202,64,Female,Cleveland,asymptomatic,180.0,325.0,False,normal,154.0,True,0.0,upsloping,0.0,normal,0
202,203,57,Male,Cleveland,non-anginal,150.0,126.0,True,normal,173.0,False,0.2,upsloping,1.0,reversable defect,0
203,204,64,Female,Cleveland,non-anginal,140.0,313.0,False,normal,133.0,False,0.2,upsloping,0.0,reversable defect,0
204,205,43,Male,Cleveland,asymptomatic,110.0,211.0,False,normal,161.0,False,0.0,upsloping,0.0,reversable defect,0
205,206,45,Male,Cleveland,asymptomatic,142.0,309.0,False,lv hypertrophy,147.0,True,0.0,flat,3.0,reversable defect,3
206,207,58,Male,Cleveland,asymptomatic,128.0,259.0,False,lv hypertrophy,130.0,True,3.0,flat,2.0,reversable defect,3
207,208,50,Male,Cleveland,asymptomatic,144.0,200.0,False,lv hypertrophy,126.0,True,0.9,flat,0.0,reversable defect,3
208,209,55,Male,Cleveland,atypical angina,130.0,262.0,False,normal,155.0,False,0.0,upsloping,0.0,normal,0
209,210,62,Female,Cleveland,asymptomatic,150.0,244.0,False,normal,154.0,True,1.4,flat,0.0,normal,1
210,211,37,Female,Cleveland,non-anginal,120.0,215.0,False,normal,170.0,False,0.0,upsloping,0.0,normal,0
211,212,38,Male,Cleveland,typical angina,120.0,231.0,False,normal,182.0,True,3.8,flat,0.0,reversable defect,4
212,213,41,Male,Cleveland,non-anginal,130.0,214.0,False,lv hypertrophy,168.0,False,2.0,flat,0.0,normal,0
213,214,66,Female,Cleveland,asymptomatic,178.0,228.0,True,normal,165.0,True,1.0,flat,2.0,reversable defect,3
214,215,52,Male,Cleveland,asymptomatic,112.0,230.0,False,normal,160.0,False,0.0,upsloping,1.0,normal,1
215,216,56,Male,Cleveland,typical angina,120.0,193.0,False,lv hypertrophy,162.0,False,1.9,flat,0.0,reversable defect,0
216,217,46,Female,Cleveland,atypical angina,105.0,204.0,False,normal,172.0,False,0.0,upsloping,0.0,normal,0
217,218,46,Female,Cleveland,asymptomatic,138.0,243.0,False,lv hypertrophy,152.0,True,0.0,flat,0.0,normal,0
218,219,64,Female,Cleveland,asymptomatic,130.0,303.0,False,normal,122.0,False,2.0,flat,2.0,normal,0
219,220,59,Male,Cleveland,asymptomatic,138.0,271.0,False,lv hypertrophy,182.0,False,0.0,upsloping,0.0,normal,0
220,221,41,Female,Cleveland,non-anginal,112.0,268.0,False,lv hypertrophy,172.0,True,0.0,upsloping,0.0,normal,0
221,222,54,Female,Cleveland,non-anginal,108.0,267.0,False,lv hypertrophy,167.0,False,0.0,upsloping,0.0,normal,0
222,223,39,Female,Cleveland,non-anginal,94.0,199.0,False,normal,179.0,False,0.0,upsloping,0.0,normal,0
223,224,53,Male,Cleveland,asymptomatic,123.0,282.0,False,normal,95.0,True,2.0,flat,2.0,reversable defect,3
224,225,63,Female,Cleveland,asymptomatic,108.0,269.0,False,normal,169.0,True,1.8,flat,2.0,normal,1
225,226,34,Female,Cleveland,atypical angina,118.0,210.0,False,normal,192.0,False,0.7,upsloping,0.0,normal,0
226,227,47,Male,Cleveland,asymptomatic,112.0,204.0,False,normal,143.0,False,0.1,upsloping,0.0,normal,0
227,228,67,Female,Cleveland,non-anginal,152.0,277.0,False,normal,172.0,False,0.0,upsloping,1.0,normal,0
228,229,54,Male,Cleveland,asymptomatic,110.0,206.0,False,lv hypertrophy,108.0,True,0.0,flat,1.0,normal,3
229,230,66,Male,Cleveland,asymptomatic,112.0,212.0,False,lv hypertrophy,132.0,True,0.1,upsloping,1.0,normal,2
230,231,52,Female,Cleveland,non-anginal,136.0,196.0,False,lv hypertrophy,169.0,False,0.1,flat,0.0,normal,0
231,232,55,Female,Cleveland,asymptomatic,180.0,327.0,False,st-t abnormality,117.0,True,3.4,flat,0.0,normal,2
232,233,49,Male,Cleveland,non-anginal,118.0,149.0,False,lv hypertrophy,126.0,False,0.8,upsloping,3.0,normal,1
233,234,74,Female,Cleveland,atypical angina,120.0,269.0,False,lv hypertrophy,121.0,True,0.2,upsloping,1.0,normal,0
234,235,54,Female,Cleveland,non-anginal,160.0,201.0,False,normal,163.0,False,0.0,upsloping,1.0,normal,0
235,236,54,Male,Cleveland,asymptomatic,122.0,286.0,False,lv hypertrophy,116.0,True,3.2,flat,2.0,normal,3
236,237,56,Male,Cleveland,asymptomatic,130.0,283.0,True,lv hypertrophy,103.0,True,1.6,downsloping,0.0,reversable defect,2
237,238,46,Male,Cleveland,asymptomatic,120.0,249.0,False,lv hypertrophy,144.0,False,0.8,upsloping,0.0,reversable defect,1
238,239,49,Female,Cleveland,atypical angina,134.0,271.0,False,normal,162.0,False,0.0,flat,0.0,normal,0
239,240,42,Male,Cleveland,atypical angina,120.0,295.0,False,normal,162.0,False,0.0,upsloping,0.0,normal,0
240,241,41,Male,Cleveland,atypical angina,110.0,235.0,False,normal,153.0,False,0.0,upsloping,0.0,normal,0
241,242,41,Female,Cleveland,atypical angina,126.0,306.0,False,normal,163.0,False,0.0,upsloping,0.0,normal,0
242,243,49,Female,Cleveland,asymptomatic,130.0,269.0,False,normal,163.0,False,0.0,upsloping,0.0,normal,0
243,244,61,Male,Cleveland,typical angina,134.0,234.0,False,normal,145.0,False,2.6,flat,2.0,normal,2
244,245,60,Female,Cleveland,non-anginal,120.0,178.0,True,normal,96.0,False,0.0,upsloping,0.0,normal,0
245,246,67,Male,Cleveland,asymptomatic,120.0,237.0,False,normal,71.0,False,1.0,flat,0.0,normal,2
246,247,58,Male,Cleveland,asymptomatic,100.0,234.0,False,normal,156.0,False,0.1,upsloping,1.0,reversable defect,2
247,248,47,Male,Cleveland,asymptomatic,110.0,275.0,False,lv hypertrophy,118.0,True,1.0,flat,1.0,normal,1
248,249,52,Male,Cleveland,asymptomatic,125.0,212.0,False,normal,168.0,False,1.0,upsloping,2.0,reversable defect,3
249,250,62,Male,Cleveland,atypical angina,128.0,208.0,True,lv hypertrophy,140.0,False,0.0,upsloping,0.0,normal,0
250,251,57,Male,Cleveland,asymptomatic,110.0,201.0,False,normal,126.0,True,1.5,flat,0.0,fixed defect,0
251,252,58,Male,Cleveland,asymptomatic,146.0,218.0,False,normal,105.0,False,2.0,flat,1.0,reversable defect,1
252,253,64,Male,Cleveland,asymptomatic,128.0,263.0,False,normal,105.0,True,0.2,flat,1.0,reversable defect,0
253,254,51,Female,Cleveland,non-anginal,120.0,295.0,False,lv hypertrophy,157.0,False,0.6,upsloping,0.0,normal,0
254,255,43,Male,Cleveland,asymptomatic,115.0,303.0,False,normal,181.0,False,1.2,flat,0.0,normal,0
255,256,42,Female,Cleveland,non-anginal,120.0,209.0,False,normal,173.0,False,0.0,flat,0.0,normal,0
256,257,67,Female,Cleveland,asymptomatic,106.0,223.0,False,normal,142.0,False,0.3,upsloping,2.0,normal,0
257,258,76,Female,Cleveland,non-anginal,140.0,197.0,False,st-t abnormality,116.0,False,1.1,flat,0.0,normal,0
258,259,70,Male,Cleveland,atypical angina,156.0,245.0,False,lv hypertrophy,143.0,False,0.0,upsloping,0.0,normal,0
259,260,57,Male,Cleveland,atypical angina,124.0,261.0,False,normal,141.0,False,0.3,upsloping,0.0,reversable defect,1
260,261,44,Female,Cleveland,non-anginal,118.0,242.0,False,normal,149.0,False,0.3,flat,1.0,normal,0
261,262,58,Female,Cleveland,atypical angina,136.0,319.0,True,lv hypertrophy,152.0,False,0.0,upsloping,2.0,normal,3
262,263,60,Female,Cleveland,typical angina,150.0,240.0,False,normal,171.0,False,0.9,upsloping,0.0,normal,0
263,264,44,Male,Cleveland,non-anginal,120.0,226.0,False,normal,169.0,False,0.0,upsloping,0.0,normal,0
264,265,61,Male,Cleveland,asymptomatic,138.0,166.0,False,lv hypertrophy,125.0,True,3.6,flat,1.0,normal,4
265,266,42,Male,Cleveland,asymptomatic,136.0,315.0,False,normal,125.0,True,1.8,flat,0.0,fixed defect,2
266,267,52,Male,Cleveland,asymptomatic,128.0,204.0,True,normal,156.0,True,1.0,flat,0.0,,2
267,268,59,Male,Cleveland,non-anginal,126.0,218.0,True,normal,134.0,False,2.2,flat,1.0,fixed defect,2
268,269,40,Male,Cleveland,asymptomatic,152.0,223.0,False,normal,181.0,False,0.0,upsloping,0.0,reversable defect,1
269,270,42,Male,Cleveland,non-anginal,130.0,180.0,False,normal,150.0,False,0.0,upsloping,0.0,normal,0
270,271,61,Male,Cleveland,asymptomatic,140.0,207.0,False,lv hypertrophy,138.0,True,1.9,upsloping,1.0,reversable defect,1
271,272,66,Male,Cleveland,asymptomatic,160.0,228.0,False,lv hypertrophy,138.0,False,2.3,upsloping,0.0,fixed defect,0
272,273,46,Male,Cleveland,asymptomatic,140.0,311.0,False,normal,120.0,True,1.8,flat,2.0,reversable defect,2
273,274,71,Female,Cleveland,asymptomatic,112.0,149.0,False,normal,125.0,False,1.6,flat,0.0,normal,0
274,275,59,Male,Cleveland,typical angina,134.0,204.0,False,normal,162.0,False,0.8,upsloping,2.0,normal,1
275,276,64,Male,Cleveland,typical angina,170.0,227.0,False,lv hypertrophy,155.0,False,0.6,flat,0.0,reversable defect,0
276,277,66,Female,Cleveland,non-anginal,146.0,278.0,False,lv hypertrophy,152.0,False,0.0,flat,1.0,normal,0
277,278,39,Female,Cleveland,non-anginal,138.0,220.0,False,normal,152.0,False,0.0,flat,0.0,normal,0
278,279,57,Male,Cleveland,atypical angina,154.0,232.0,False,lv hypertrophy,164.0,False,0.0,upsloping,1.0,normal,1
279,280,58,Female,Cleveland,asymptomatic,130.0,197.0,False,normal,131.0,False,0.6,flat,0.0,normal,0
280,281,57,Male,Cleveland,asymptomatic,110.0,335.0,False,normal,143.0,True,3.0,flat,1.0,reversable defect,2
281,282,47,Male,Cleveland,non-anginal,130.0,253.0,False,normal,179.0,False,0.0,upsloping,0.0,normal,0
282,283,55,Female,Cleveland,asymptomatic,128.0,205.0,False,st-t abnormality,130.0,True,2.0,flat,1.0,reversable defect,3
283,284,35,Male,Cleveland,atypical angina,122.0,192.0,False,normal,174.0,False,0.0,upsloping,0.0,normal,0
284,285,61,Male,Cleveland,asymptomatic,148.0,203.0,False,normal,161.0,False,0.0,upsloping,1.0,reversable defect,2
285,286,58,Male,Cleveland,asymptomatic,114.0,318.0,False,st-t abnormality,140.0,False,4.4,downsloping,3.0,fixed defect,4
286,287,58,Female,Cleveland,asymptomatic,170.0,225.0,True,lv hypertrophy,146.0,True,2.8,flat,2.0,fixed defect,2
287,288,58,Male,Cleveland,atypical angina,125.0,220.0,False,normal,144.0,False,0.4,flat,,reversable defect,0
288,289,56,Male,Cleveland,atypical angina,130.0,221.0,False,lv hypertrophy,163.0,False,0.0,upsloping,0.0,reversable defect,0
289,290,56,Male,Cleveland,atypical angina,120.0,240.0,False,normal,169.0,False,0.0,downsloping,0.0,normal,0
290,291,67,Male,Cleveland,non-anginal,152.0,212.0,False,lv hypertrophy,150.0,False,0.8,flat,0.0,reversable defect,1
291,292,55,Female,Cleveland,atypical angina,132.0,342.0,False,normal,166.0,False,1.2,upsloping,0.0,normal,0
292,293,44,Male,Cleveland,asymptomatic,120.0,169.0,False,normal,144.0,True,2.8,downsloping,0.0,fixed defect,2
293,294,63,Male,Cleveland,asymptomatic,140.0,187.0,False,lv hypertrophy,144.0,True,4.0,upsloping,2.0,reversable defect,2
294,295,63,Female,Cleveland,asymptomatic,124.0,197.0,False,normal,136.0,True,0.0,flat,0.0,normal,1
295,296,41,Male,Cleveland,atypical angina,120.0,157.0,False,normal,182.0,False,0.0,upsloping,0.0,normal,0
296,297,59,Male,Cleveland,asymptomatic,164.0,176.0,True,lv hypertrophy,90.0,False,1.0,flat,2.0,fixed defect,3
297,298,57,Female,Cleveland,asymptomatic,140.0,241.0,False,normal,123.0,True,0.2,flat,0.0,reversable defect,1
298,299,45,Male,Cleveland,typical angina,110.0,264.0,False,normal,132.0,False,1.2,flat,0.0,reversable defect,1
299,300,68,Male,Cleveland,asymptomatic,144.0,193.0,True,normal,141.0,False,3.4,flat,2.0,reversable defect,2
300,301,57,Male,Cleveland,asymptomatic,130.0,131.0,False,normal,115.0,True,1.2,flat,1.0,reversable defect,3
301,302,57,Female,Cleveland,atypical angina,130.0,236.0,False,lv hypertrophy,174.0,False,0.0,flat,1.0,normal,1
302,303,38,Male,Cleveland,non-anginal,138.0,175.0,False,normal,173.0,False,0.0,upsloping,,normal,0
303,304,28,Male,Cleveland,atypical angina,130.0,132.0,False,lv hypertrophy,185.0,False,0.0,,,,0
304,305,29,Male,Hungary,atypical angina,120.0,243.0,False,normal,160.0,False,0.0,,,,0
305,306,29,Male,Hungary,atypical angina,140.0,,False,normal,170.0,False,0.0,,,,0
306,307,30,Female,Hungary,typical angina,170.0,237.0,False,st-t abnormality,170.0,False,0.0,,,fixed defect,0
307,308,31,Female,Hungary,atypical angina,100.0,219.0,False,st-t abnormality,150.0,False,0.0,,,,0
308,309,32,Female,Hungary,atypical angina,105.0,198.0,False,normal,165.0,False,0.0,,,,0
309,310,32,Male,Hungary,atypical angina,110.0,225.0,False,normal,184.0,False,0.0,,,,0
310,311,32,Male,Hungary,atypical angina,125.0,254.0,False,normal,155.0,False,0.0,,,,0
311,312,33,Male,Hungary,non-anginal,120.0,298.0,False,normal,185.0,False,0.0,,,,0
312,313,34,Female,Hungary,atypical angina,130.0,161.0,False,normal,190.0,False,0.0,,,,0
313,314,34,Male,Hungary,atypical angina,150.0,214.0,False,st-t abnormality,168.0,False,0.0,,,,0
314,315,34,Male,Hungary,atypical angina,98.0,220.0,False,normal,150.0,False,0.0,,,,0
315,316,35,Female,Hungary,typical angina,120.0,160.0,False,st-t abnormality,185.0,False,0.0,,,,0
316,317,35,Female,Hungary,asymptomatic,140.0,167.0,False,normal,150.0,False,0.0,,,,0
317,318,35,Male,Hungary,atypical angina,120.0,308.0,False,lv hypertrophy,180.0,False,0.0,,,,0
318,319,35,Male,Hungary,atypical angina,150.0,264.0,False,normal,168.0,False,0.0,,,,0
319,320,36,Male,Hungary,atypical angina,120.0,166.0,False,normal,180.0,False,0.0,,,,0
320,321,36,Male,Hungary,non-anginal,112.0,340.0,False,normal,184.0,False,1.0,flat,,normal,0
321,322,36,Male,Hungary,non-anginal,130.0,209.0,False,normal,178.0,False,0.0,,,,0
322,323,36,Male,Hungary,non-anginal,150.0,160.0,False,normal,172.0,False,0.0,,,,0
323,324,37,Female,Hungary,atypical angina,120.0,260.0,False,normal,130.0,False,0.0,,,,0
324,325,37,Female,Hungary,non-anginal,130.0,211.0,False,normal,142.0,False,0.0,,,,0
325,326,37,Female,Hungary,asymptomatic,130.0,173.0,False,st-t abnormality,184.0,False,0.0,,,,0
326,327,37,Male,Hungary,atypical angina,130.0,283.0,False,st-t abnormality,98.0,False,0.0,,,,0
327,328,37,Male,Hungary,non-anginal,130.0,194.0,False,normal,150.0,False,0.0,,,,0
328,329,37,Male,Hungary,asymptomatic,120.0,223.0,False,normal,168.0,False,0.0,,,normal,0
329,330,37,Male,Hungary,asymptomatic,130.0,315.0,False,normal,158.0,False,0.0,,,,0
330,331,38,Female,Hungary,atypical angina,120.0,275.0,,normal,129.0,False,0.0,,,,0
331,332,38,Male,Hungary,atypical angina,140.0,297.0,False,normal,150.0,False,0.0,,,,0
332,333,38,Male,Hungary,non-anginal,145.0,292.0,False,normal,130.0,False,0.0,,,,0
333,334,39,Female,Hungary,non-anginal,110.0,182.0,False,st-t abnormality,180.0,False,0.0,,,,0
334,335,39,Male,Hungary,atypical angina,120.0,,False,st-t abnormality,146.0,False,2.0,upsloping,,,0
335,336,39,Male,Hungary,atypical angina,120.0,200.0,False,normal,160.0,True,1.0,flat,,,0
336,337,39,Male,Hungary,atypical angina,120.0,204.0,False,normal,145.0,False,0.0,,,,0
337,338,39,Male,Hungary,atypical angina,130.0,,False,normal,120.0,False,0.0,,,,0
338,339,39,Male,Hungary,atypical angina,190.0,241.0,False,normal,106.0,False,0.0,,,,0
339,340,39,Male,Hungary,non-anginal,120.0,339.0,False,normal,170.0,False,0.0,,,,0
340,341,39,Male,Hungary,non-anginal,160.0,147.0,True,normal,160.0,False,0.0,,,,0
341,342,39,Male,Hungary,asymptomatic,110.0,273.0,False,normal,132.0,False,0.0,,,,0
342,343,39,Male,Hungary,asymptomatic,130.0,307.0,False,normal,140.0,False,0.0,,,,0
343,344,40,Male,Hungary,atypical angina,130.0,275.0,False,normal,150.0,False,0.0,,,,0
344,345,40,Male,Hungary,atypical angina,140.0,289.0,False,normal,172.0,False,0.0,,,,0
345,346,40,Male,Hungary,non-anginal,130.0,215.0,False,normal,138.0,False,0.0,,,,0
346,347,40,Male,Hungary,non-anginal,130.0,281.0,False,normal,167.0,False,0.0,,,,0
347,348,40,Male,Hungary,non-anginal,140.0,,False,normal,188.0,False,0.0,,,,0
348,349,41,Female,Hungary,atypical angina,110.0,250.0,False,st-t abnormality,142.0,False,0.0,,,,0
349,350,41,Female,Hungary,atypical angina,125.0,184.0,False,normal,180.0,False,0.0,,,,0
350,351,41,Female,Hungary,atypical angina,130.0,245.0,False,normal,150.0,False,0.0,,,,0
351,352,41,Male,Hungary,atypical angina,120.0,291.0,False,st-t abnormality,160.0,False,0.0,,,,0
352,353,41,Male,Hungary,atypical angina,120.0,295.0,False,normal,170.0,False,0.0,,,,0
353,354,41,Male,Hungary,atypical angina,125.0,269.0,False,normal,144.0,False,0.0,,,,0
354,355,41,Male,Hungary,asymptomatic,112.0,250.0,False,normal,142.0,False,0.0,,,,0
355,356,42,Female,Hungary,non-anginal,115.0,211.0,False,st-t abnormality,137.0,False,0.0,,,,0
356,357,42,Male,Hungary,atypical angina,120.0,196.0,False,normal,150.0,False,0.0,,,,0
357,358,42,Male,Hungary,atypical angina,120.0,198.0,False,normal,155.0,False,0.0,,,,0
358,359,42,Male,Hungary,atypical angina,150.0,268.0,False,normal,136.0,False,0.0,,,,0
359,360,42,Male,Hungary,non-anginal,120.0,228.0,False,normal,152.0,True,1.5,flat,,,0
360,361,42,Male,Hungary,non-anginal,160.0,147.0,False,normal,146.0,False,0.0,,,,0
361,362,42,Male,Hungary,asymptomatic,140.0,358.0,False,normal,170.0,False,0.0,,,,0
362,363,43,Female,Hungary,typical angina,100.0,223.0,False,normal,142.0,False,0.0,,,,0
363,364,43,Female,Hungary,atypical angina,120.0,201.0,False,normal,165.0,False,0.0,,,,0
364,365,43,Female,Hungary,atypical angina,120.0,215.0,False,st-t abnormality,175.0,False,0.0,,,,0
365,366,43,Female,Hungary,atypical angina,120.0,249.0,False,st-t abnormality,176.0,False,0.0,,,,0
366,367,43,Female,Hungary,atypical angina,120.0,266.0,False,normal,118.0,False,0.0,,,,0
367,368,43,Female,Hungary,atypical angina,150.0,186.0,False,normal,154.0,False,0.0,,,,0
368,369,43,Female,Hungary,non-anginal,150.0,,False,normal,175.0,False,0.0,,,normal,0
369,370,43,Male,Hungary,atypical angina,142.0,207.0,False,normal,138.0,False,0.0,,,,0
370,371,44,Female,Hungary,asymptomatic,120.0,218.0,False,st-t abnormality,115.0,False,0.0,,,,0
371,372,44,Male,Hungary,atypical angina,120.0,184.0,False,normal,142.0,False,1.0,flat,,,0
372,373,44,Male,Hungary,atypical angina,130.0,215.0,False,normal,135.0,False,0.0,,,,0
373,374,44,Male,Hungary,asymptomatic,150.0,412.0,False,normal,170.0,False,0.0,,,,0
374,375,45,Female,Hungary,atypical angina,130.0,237.0,False,normal,170.0,False,0.0,,,,0
375,376,45,Female,Hungary,atypical angina,180.0,,False,normal,180.0,False,0.0,,,,0
376,377,45,Female,Hungary,asymptomatic,132.0,297.0,False,normal,144.0,False,0.0,,,,0
377,378,45,Male,Hungary,atypical angina,140.0,224.0,True,normal,122.0,False,0.0,,,,0
378,379,45,Male,Hungary,non-anginal,135.0,,False,normal,110.0,False,0.0,,,,0
379,380,45,Male,Hungary,asymptomatic,120.0,225.0,False,normal,140.0,False,0.0,,,,0
380,381,45,Male,Hungary,asymptomatic,140.0,224.0,False,normal,144.0,False,0.0,,,,0
381,382,46,Female,Hungary,asymptomatic,130.0,238.0,False,normal,90.0,False,0.0,,,,0
382,383,46,Male,Hungary,atypical angina,140.0,275.0,False,normal,165.0,True,0.0,,,,0
383,384,46,Male,Hungary,non-anginal,120.0,230.0,False,normal,150.0,False,0.0,,,,0
384,385,46,Male,Hungary,non-anginal,150.0,163.0,,normal,116.0,False,0.0,,,,0
385,386,46,Male,Hungary,asymptomatic,110.0,238.0,False,st-t abnormality,140.0,True,1.0,flat,,normal,0
386,387,46,Male,Hungary,asymptomatic,110.0,240.0,False,st-t abnormality,140.0,False,0.0,,,normal,0
387,388,46,Male,Hungary,asymptomatic,180.0,280.0,False,st-t abnormality,120.0,False,0.0,,,,0
388,389,47,Female,Hungary,atypical angina,140.0,257.0,False,normal,135.0,False,1.0,upsloping,,,0
389,390,47,Female,Hungary,non-anginal,130.0,,False,normal,145.0,False,2.0,flat,,,0
390,391,47,Male,Hungary,typical angina,110.0,249.0,False,normal,150.0,False,0.0,,,,0
391,392,47,Male,Hungary,atypical angina,160.0,263.0,False,normal,174.0,False,0.0,,,,0
392,393,47,Male,Hungary,asymptomatic,140.0,276.0,True,normal,125.0,True,0.0,,,,0
393,394,48,Female,Hungary,atypical angina,,308.0,False,st-t abnormality,,,2.0,upsloping,,,0
394,395,48,Female,Hungary,atypical angina,120.0,,True,st-t abnormality,148.0,False,0.0,,,,0
395,396,48,Female,Hungary,atypical angina,120.0,284.0,False,normal,120.0,False,0.0,,,,0
396,397,48,Female,Hungary,non-anginal,120.0,195.0,False,normal,125.0,False,0.0,,,,0
397,398,48,Female,Hungary,asymptomatic,108.0,163.0,False,normal,175.0,False,2.0,upsloping,,,0
398,399,48,Female,Hungary,asymptomatic,120.0,254.0,False,st-t abnormality,110.0,False,0.0,,,,0
399,400,48,Female,Hungary,asymptomatic,150.0,227.0,False,normal,130.0,True,1.0,flat,,,0
400,401,48,Male,Hungary,atypical angina,100.0,,False,normal,100.0,False,0.0,,,,0
401,402,48,Male,Hungary,atypical angina,130.0,245.0,False,normal,160.0,False,0.0,,,,0
402,403,48,Male,Hungary,atypical angina,140.0,238.0,False,normal,118.0,False,0.0,,,,0
403,404,48,Male,Hungary,non-anginal,110.0,211.0,False,normal,138.0,False,0.0,,,fixed defect,0
404,405,49,Female,Hungary,atypical angina,110.0,,False,normal,160.0,False,0.0,,,,0
405,406,49,Female,Hungary,atypical angina,110.0,,False,normal,160.0,False,0.0,,,,0
406,407,49,Female,Hungary,atypical angina,124.0,201.0,False,normal,164.0,False,0.0,,,,0
407,408,49,Female,Hungary,non-anginal,130.0,207.0,False,st-t abnormality,135.0,False,0.0,,,,0
408,409,49,Male,Hungary,atypical angina,100.0,253.0,False,normal,174.0,False,0.0,,,,0
409,410,49,Male,Hungary,non-anginal,140.0,187.0,False,normal,172.0,False,0.0,,,,0
410,411,49,Male,Hungary,asymptomatic,120.0,297.0,,normal,132.0,False,1.0,flat,,,0
411,412,49,Male,Hungary,asymptomatic,140.0,,False,normal,130.0,False,0.0,,,,0
412,413,50,Female,Hungary,atypical angina,110.0,202.0,False,normal,145.0,False,0.0,,,,0
413,414,50,Female,Hungary,asymptomatic,120.0,328.0,False,normal,110.0,True,1.0,flat,,,0
414,415,50,Male,Hungary,atypical angina,120.0,168.0,False,normal,160.0,False,0.0,,0.0,,0
415,416,50,Male,Hungary,atypical angina,140.0,216.0,False,normal,170.0,False,0.0,,,normal,0
416,417,50,Male,Hungary,atypical angina,170.0,209.0,False,st-t abnormality,116.0,False,0.0,,,,0
417,418,50,Male,Hungary,asymptomatic,140.0,129.0,False,normal,135.0,False,0.0,,,,0
418,419,50,Male,Hungary,asymptomatic,150.0,215.0,False,normal,140.0,True,0.0,,,,0
419,420,51,Female,Hungary,atypical angina,160.0,194.0,False,normal,170.0,False,0.0,,,,0
420,421,51,Female,Hungary,non-anginal,110.0,190.0,False,normal,120.0,False,0.0,,,,0
421,422,51,Female,Hungary,non-anginal,130.0,220.0,False,normal,160.0,True,2.0,upsloping,,,0
422,423,51,Female,Hungary,non-anginal,150.0,200.0,False,normal,120.0,False,0.5,upsloping,,,0
423,424,51,Male,Hungary,atypical angina,125.0,188.0,False,normal,145.0,False,0.0,,,,0
424,425,51,Male,Hungary,atypical angina,130.0,224.0,False,normal,150.0,False,0.0,,,,0
425,426,51,Male,Hungary,asymptomatic,130.0,179.0,False,normal,100.0,False,0.0,,,reversable defect,0
426,427,52,Female,Hungary,atypical angina,120.0,210.0,False,normal,148.0,False,0.0,,,,0
427,428,52,Female,Hungary,atypical angina,140.0,,False,normal,140.0,False,0.0,,,,0
428,429,52,Female,Hungary,non-anginal,125.0,272.0,False,normal,139.0,False,0.0,,,,0
429,430,52,Female,Hungary,asymptomatic,130.0,180.0,False,normal,140.0,True,1.5,flat,,,0
430,431,52,Male,Hungary,atypical angina,120.0,284.0,False,normal,118.0,False,0.0,,,,0
431,432,52,Male,Hungary,atypical angina,140.0,100.0,False,normal,138.0,True,0.0,,,,0
432,433,52,Male,Hungary,atypical angina,160.0,196.0,False,normal,165.0,False,0.0,,,,0
433,434,52,Male,Hungary,non-anginal,140.0,259.0,False,st-t abnormality,170.0,False,0.0,,,,0
434,435,53,Female,Hungary,atypical angina,113.0,468.0,,normal,127.0,False,0.0,,,,0
435,436,53,Female,Hungary,atypical angina,140.0,216.0,False,normal,142.0,True,2.0,flat,,,0
436,437,53,Female,Hungary,non-anginal,120.0,274.0,False,normal,130.0,False,0.0,,,,0
437,438,53,Male,Hungary,atypical angina,120.0,,False,normal,132.0,False,0.0,,,,0
438,439,53,Male,Hungary,atypical angina,140.0,320.0,False,normal,162.0,False,0.0,,,,0
439,440,53,Male,Hungary,non-anginal,120.0,195.0,False,normal,140.0,False,0.0,,,,0
440,441,53,Male,Hungary,asymptomatic,124.0,260.0,False,st-t abnormality,112.0,True,3.0,flat,,,0
441,442,53,Male,Hungary,asymptomatic,130.0,182.0,False,normal,148.0,False,0.0,,,,0
442,443,53,Male,Hungary,asymptomatic,140.0,243.0,False,normal,155.0,False,0.0,,,,0
443,444,54,Female,Hungary,atypical angina,120.0,221.0,False,normal,138.0,False,1.0,upsloping,,,0
444,445,54,Female,Hungary,atypical angina,120.0,230.0,True,normal,140.0,False,0.0,,,,0
445,446,54,Female,Hungary,atypical angina,120.0,273.0,False,normal,150.0,False,1.5,flat,,,0
446,447,54,Female,Hungary,atypical angina,130.0,253.0,False,st-t abnormality,155.0,False,0.0,,,,0
447,448,54,Female,Hungary,atypical angina,140.0,309.0,,st-t abnormality,140.0,False,0.0,,,,0
448,449,54,Female,Hungary,atypical angina,150.0,230.0,False,normal,130.0,False,0.0,,,,0
449,450,54,Female,Hungary,atypical angina,160.0,312.0,False,normal,130.0,False,0.0,,,,0
450,451,54,Male,Hungary,typical angina,120.0,171.0,False,normal,137.0,False,2.0,upsloping,,,0
451,452,54,Male,Hungary,atypical angina,110.0,208.0,False,normal,142.0,False,0.0,,,,0
452,453,54,Male,Hungary,atypical angina,120.0,238.0,False,normal,154.0,False,0.0,,,,0
453,454,54,Male,Hungary,atypical angina,120.0,246.0,False,normal,110.0,False,0.0,,,,0
454,455,54,Male,Hungary,atypical angina,160.0,195.0,False,st-t abnormality,130.0,False,1.0,upsloping,,,0
455,456,54,Male,Hungary,atypical angina,160.0,305.0,False,normal,175.0,False,0.0,,,,0
456,457,54,Male,Hungary,non-anginal,120.0,217.0,False,normal,137.0,False,0.0,,,,0
457,458,54,Male,Hungary,non-anginal,150.0,,False,normal,122.0,False,0.0,,,,0
458,459,54,Male,Hungary,asymptomatic,150.0,365.0,False,st-t abnormality,134.0,False,1.0,upsloping,,,0
459,460,55,Female,Hungary,atypical angina,110.0,344.0,False,st-t abnormality,160.0,False,0.0,,,,0
460,461,55,Female,Hungary,atypical angina,122.0,320.0,False,normal,155.0,False,0.0,,,,0
461,462,55,Female,Hungary,atypical angina,130.0,394.0,False,lv hypertrophy,150.0,False,0.0,,,,0
462,463,55,Male,Hungary,atypical angina,120.0,256.0,True,normal,137.0,False,0.0,,,reversable defect,0
463,464,55,Male,Hungary,atypical angina,140.0,196.0,False,normal,150.0,False,0.0,,,reversable defect,0
464,465,55,Male,Hungary,atypical angina,145.0,326.0,False,normal,155.0,False,0.0,,,,0
465,466,55,Male,Hungary,non-anginal,110.0,277.0,False,normal,160.0,False,0.0,,,,0
466,467,55,Male,Hungary,non-anginal,120.0,220.0,False,lv hypertrophy,134.0,False,0.0,,,,0
467,468,55,Male,Hungary,asymptomatic,120.0,270.0,False,normal,140.0,False,0.0,,,,0
468,469,55,Male,Hungary,asymptomatic,140.0,229.0,False,normal,110.0,True,0.5,flat,,,0
469,470,56,Female,Hungary,non-anginal,130.0,219.0,,st-t abnormality,164.0,False,0.0,,,reversable defect,0
470,471,56,Male,Hungary,atypical angina,130.0,184.0,False,normal,100.0,False,0.0,,,,0
471,472,56,Male,Hungary,non-anginal,130.0,,False,normal,114.0,False,0.0,,,,0
472,473,56,Male,Hungary,non-anginal,130.0,276.0,False,normal,128.0,True,1.0,upsloping,,fixed defect,0
473,474,56,Male,Hungary,asymptomatic,120.0,85.0,False,normal,140.0,False,0.0,,,,0
474,475,57,Female,Hungary,typical angina,130.0,308.0,False,normal,98.0,False,1.0,flat,,,0
475,476,57,Female,Hungary,asymptomatic,180.0,347.0,False,st-t abnormality,126.0,True,0.8,flat,,,0
476,477,57,Male,Hungary,atypical angina,140.0,260.0,True,normal,140.0,False,0.0,,,fixed defect,0
477,478,58,Male,Hungary,atypical angina,130.0,230.0,False,normal,150.0,False,0.0,,,,0
478,479,58,Male,Hungary,atypical angina,130.0,251.0,False,normal,110.0,False,0.0,,,,0
479,480,58,Male,Hungary,non-anginal,140.0,179.0,False,normal,160.0,False,0.0,,,,0
480,481,58,Male,Hungary,asymptomatic,135.0,222.0,False,normal,100.0,False,0.0,,,,0
481,482,59,Female,Hungary,atypical angina,130.0,188.0,False,normal,124.0,False,1.0,flat,,,0
482,483,59,Male,Hungary,atypical angina,140.0,287.0,False,normal,150.0,False,0.0,,,,0
483,484,59,Male,Hungary,non-anginal,130.0,318.0,False,normal,120.0,True,1.0,flat,,normal,0
484,485,59,Male,Hungary,non-anginal,180.0,213.0,False,normal,100.0,False,0.0,,,,0
485,486,59,Male,Hungary,asymptomatic,140.0,,False,normal,140.0,False,0.0,,0.0,,0
486,487,60,Male,Hungary,non-anginal,120.0,246.0,False,lv hypertrophy,135.0,False,0.0,,,,0
487,488,61,Female,Hungary,asymptomatic,130.0,294.0,False,st-t abnormality,120.0,True,1.0,flat,,,0
488,489,61,Male,Hungary,asymptomatic,125.0,292.0,False,st-t abnormality,115.0,True,0.0,,,,0
489,490,62,Female,Hungary,typical angina,160.0,193.0,False,normal,116.0,False,0.0,,,,0
490,491,62,Male,Hungary,atypical angina,140.0,271.0,False,normal,152.0,False,1.0,upsloping,,,0
491,492,31,Male,Hungary,asymptomatic,120.0,270.0,False,normal,153.0,True,1.5,flat,,,1
492,493,33,Female,Hungary,asymptomatic,100.0,246.0,False,normal,150.0,True,1.0,flat,,,1
493,494,34,Male,Hungary,typical angina,140.0,156.0,False,normal,180.0,False,0.0,,,,1
494,495,35,Male,Hungary,atypical angina,110.0,257.0,False,normal,140.0,False,0.0,,,,1
495,496,36,Male,Hungary,atypical angina,120.0,267.0,False,normal,160.0,False,3.0,flat,,,1
496,497,37,Male,Hungary,asymptomatic,140.0,207.0,False,normal,130.0,True,1.5,flat,,,1
497,498,38,Male,Hungary,asymptomatic,110.0,196.0,False,normal,166.0,False,0.0,,,,1
498,499,38,Male,Hungary,asymptomatic,120.0,282.0,False,normal,170.0,False,0.0,,,,1
499,500,38,Male,Hungary,asymptomatic,92.0,117.0,False,normal,134.0,True,2.5,flat,,,1
500,501,40,Male,Hungary,asymptomatic,120.0,466.0,,normal,152.0,True,1.0,flat,,fixed defect,1
501,502,41,Male,Hungary,asymptomatic,110.0,289.0,False,normal,170.0,False,0.0,,,fixed defect,1
502,503,41,Male,Hungary,asymptomatic,120.0,237.0,,normal,138.0,True,1.0,flat,,,1
503,504,43,Male,Hungary,asymptomatic,150.0,247.0,False,normal,130.0,True,2.0,flat,,,1
504,505,46,Male,Hungary,asymptomatic,110.0,202.0,False,normal,150.0,True,0.0,,,,1
505,506,46,Male,Hungary,asymptomatic,118.0,186.0,False,normal,124.0,False,0.0,,,reversable defect,1
506,507,46,Male,Hungary,asymptomatic,120.0,277.0,False,normal,125.0,True,1.0,flat,,,1
507,508,47,Male,Hungary,non-anginal,140.0,193.0,False,normal,145.0,True,1.0,flat,,,1
508,509,47,Male,Hungary,asymptomatic,150.0,226.0,False,normal,98.0,True,1.5,flat,0.0,reversable defect,1
509,510,48,Male,Hungary,asymptomatic,106.0,263.0,True,normal,110.0,False,0.0,,,,1
510,511,48,Male,Hungary,asymptomatic,120.0,260.0,False,normal,115.0,False,2.0,flat,,,1
511,512,48,Male,Hungary,asymptomatic,160.0,268.0,False,normal,103.0,True,1.0,flat,,,1
512,513,49,Female,Hungary,non-anginal,160.0,180.0,False,normal,156.0,False,1.0,flat,,,1
513,514,49,Male,Hungary,non-anginal,115.0,265.0,False,normal,175.0,False,0.0,,,,1
514,515,49,Male,Hungary,asymptomatic,130.0,206.0,False,normal,170.0,False,0.0,,,,1
515,516,50,Female,Hungary,non-anginal,140.0,288.0,False,normal,140.0,True,0.0,,,reversable defect,1
516,517,50,Male,Hungary,asymptomatic,145.0,264.0,False,normal,150.0,False,0.0,,,,1
517,518,51,Female,Hungary,asymptomatic,160.0,303.0,False,normal,150.0,True,1.0,flat,,,1
518,519,52,Male,Hungary,asymptomatic,130.0,225.0,False,normal,120.0,True,2.0,flat,,,1
519,520,54,Male,Hungary,asymptomatic,125.0,216.0,False,normal,140.0,False,0.0,,,,1
520,521,54,Male,Hungary,asymptomatic,125.0,224.0,False,normal,122.0,False,2.0,flat,,,1
521,522,55,Male,Hungary,asymptomatic,140.0,201.0,False,normal,130.0,True,3.0,flat,,,1
522,523,57,Male,Hungary,atypical angina,140.0,265.0,False,st-t abnormality,145.0,True,1.0,flat,,,1
523,524,58,Male,Hungary,non-anginal,130.0,213.0,False,st-t abnormality,140.0,False,0.0,,,fixed defect,1
524,525,59,Female,Hungary,asymptomatic,130.0,338.0,True,st-t abnormality,130.0,True,1.5,flat,,,1
525,526,60,Male,Hungary,asymptomatic,100.0,248.0,False,normal,125.0,False,1.0,flat,,,1
526,527,63,Male,Hungary,asymptomatic,150.0,223.0,False,normal,115.0,False,0.0,,,,1
527,528,65,Male,Hungary,asymptomatic,140.0,306.0,True,normal,87.0,True,1.5,flat,,,1
528,529,32,Male,Hungary,asymptomatic,118.0,529.0,False,normal,130.0,False,0.0,,,,1
529,530,38,Male,Hungary,asymptomatic,110.0,,False,normal,150.0,True,1.0,flat,,,1
530,531,39,Male,Hungary,asymptomatic,110.0,280.0,False,normal,150.0,False,0.0,,,fixed defect,1
531,532,40,Female,Hungary,asymptomatic,150.0,392.0,False,normal,130.0,False,2.0,flat,,fixed defect,1
532,533,43,Male,Hungary,typical angina,120.0,291.0,False,st-t abnormality,155.0,False,0.0,,,,1
533,534,45,Male,Hungary,asymptomatic,130.0,219.0,False,st-t abnormality,130.0,True,1.0,flat,,,1
534,535,46,Male,Hungary,asymptomatic,120.0,231.0,False,normal,115.0,True,0.0,,,,1
535,536,46,Male,Hungary,asymptomatic,130.0,222.0,False,normal,112.0,False,0.0,,,,1
536,537,48,Male,Hungary,asymptomatic,122.0,275.0,True,st-t abnormality,150.0,True,2.0,downsloping,,,1
537,538,48,Male,Hungary,asymptomatic,160.0,193.0,False,normal,102.0,True,3.0,flat,,,1
538,539,48,Male,Hungary,asymptomatic,160.0,329.0,False,normal,92.0,True,1.5,flat,,,1
539,540,48,Male,Hungary,asymptomatic,160.0,355.0,False,normal,99.0,True,2.0,flat,,,1
540,541,50,Male,Hungary,asymptomatic,130.0,233.0,False,normal,121.0,True,2.0,flat,,reversable defect,1
541,542,52,Male,Hungary,asymptomatic,120.0,182.0,False,normal,150.0,False,0.0,,,,1
542,543,52,Male,Hungary,asymptomatic,170.0,,False,normal,126.0,True,1.5,flat,,,1
543,544,53,Male,Hungary,asymptomatic,120.0,246.0,False,normal,116.0,True,0.0,,,,1
544,545,54,Male,Hungary,non-anginal,120.0,237.0,False,normal,150.0,True,1.5,,,reversable defect,1
545,546,54,Male,Hungary,asymptomatic,130.0,242.0,False,normal,91.0,True,1.0,flat,,,1
546,547,54,Male,Hungary,asymptomatic,130.0,603.0,True,normal,125.0,True,1.0,flat,,,1
547,548,54,Male,Hungary,asymptomatic,140.0,,False,normal,118.0,True,0.0,,,,1
548,549,54,Male,Hungary,asymptomatic,200.0,198.0,False,normal,142.0,True,2.0,flat,,,1
549,550,55,Male,Hungary,asymptomatic,140.0,268.0,False,normal,128.0,True,1.5,flat,,,1
550,551,56,Male,Hungary,asymptomatic,150.0,213.0,True,normal,125.0,True,1.0,flat,,,1
551,552,57,Male,Hungary,asymptomatic,150.0,255.0,False,normal,92.0,True,3.0,flat,,,1
552,553,58,Male,Hungary,non-anginal,160.0,211.0,True,st-t abnormality,92.0,False,0.0,,,,1
553,554,58,Male,Hungary,asymptomatic,130.0,263.0,False,normal,140.0,True,2.0,flat,,,1
554,555,41,Male,Hungary,asymptomatic,130.0,172.0,False,st-t abnormality,130.0,False,2.0,flat,,,1
555,556,43,Male,Hungary,asymptomatic,120.0,175.0,False,normal,120.0,True,1.0,flat,,reversable defect,1
556,557,44,Male,Hungary,atypical angina,150.0,288.0,False,normal,150.0,True,3.0,flat,,,1
557,558,44,Male,Hungary,asymptomatic,130.0,290.0,False,normal,100.0,True,2.0,flat,,,1
558,559,46,Male,Hungary,typical angina,140.0,272.0,True,normal,175.0,False,2.0,flat,,,1
559,560,47,Female,Hungary,non-anginal,135.0,248.0,True,normal,170.0,False,0.0,,,,1
560,561,48,Female,Hungary,asymptomatic,138.0,214.0,False,normal,108.0,True,1.5,flat,,,1
561,562,49,Male,Hungary,asymptomatic,130.0,341.0,False,normal,120.0,True,1.0,flat,,,1
562,563,49,Male,Hungary,asymptomatic,140.0,234.0,False,normal,140.0,True,1.0,flat,,,1
563,564,51,Male,Hungary,non-anginal,135.0,160.0,False,normal,150.0,False,2.0,flat,,,1
564,565,52,Male,Hungary,asymptomatic,112.0,342.0,False,st-t abnormality,96.0,True,1.0,flat,,,1
565,566,52,Male,Hungary,asymptomatic,130.0,298.0,False,normal,110.0,True,1.0,flat,,,1
566,567,52,Male,Hungary,asymptomatic,140.0,404.0,False,normal,124.0,True,2.0,flat,,,1
567,568,52,Male,Hungary,asymptomatic,160.0,246.0,False,st-t abnormality,82.0,True,4.0,flat,,,1
568,569,53,Male,Hungary,non-anginal,145.0,518.0,False,normal,130.0,False,0.0,,,,1
569,570,53,Male,Hungary,asymptomatic,180.0,285.0,False,st-t abnormality,120.0,True,1.5,flat,,,1
570,571,54,Male,Hungary,asymptomatic,140.0,216.0,False,normal,105.0,False,1.5,flat,,,1
571,572,55,Male,Hungary,typical angina,140.0,295.0,False,,136.0,False,0.0,,,,1
572,573,55,Male,Hungary,atypical angina,160.0,292.0,True,normal,143.0,True,2.0,flat,,,1
573,574,55,Male,Hungary,asymptomatic,145.0,248.0,False,normal,96.0,True,2.0,flat,,,1
574,575,56,Female,Hungary,atypical angina,120.0,279.0,False,normal,150.0,False,1.0,flat,,,1
575,576,56,Male,Hungary,asymptomatic,150.0,230.0,False,st-t abnormality,124.0,True,1.5,flat,,,1
576,577,56,Male,Hungary,asymptomatic,170.0,388.0,False,st-t abnormality,122.0,True,2.0,flat,,,1
577,578,58,Male,Hungary,atypical angina,136.0,164.0,False,st-t abnormality,99.0,True,2.0,flat,,,1
578,579,59,Male,Hungary,asymptomatic,130.0,,False,normal,125.0,False,0.0,,,,1
579,580,59,Male,Hungary,asymptomatic,140.0,264.0,True,lv hypertrophy,119.0,True,0.0,,,,1
580,581,65,Male,Hungary,asymptomatic,170.0,263.0,True,normal,112.0,True,2.0,flat,,,1
581,582,66,Male,Hungary,asymptomatic,140.0,,False,normal,94.0,True,1.0,flat,,,1
582,583,41,Male,Hungary,asymptomatic,120.0,336.0,False,normal,118.0,True,3.0,flat,,,1
583,584,43,Male,Hungary,asymptomatic,140.0,288.0,False,normal,135.0,True,2.0,flat,,,1
584,585,44,Male,Hungary,asymptomatic,135.0,491.0,False,normal,135.0,False,0.0,,,,1
585,586,47,Female,Hungary,asymptomatic,120.0,205.0,False,normal,98.0,True,2.0,flat,,fixed defect,1
586,587,47,Male,Hungary,asymptomatic,160.0,291.0,False,st-t abnormality,158.0,True,3.0,flat,,,1
587,588,49,Male,Hungary,asymptomatic,128.0,212.0,False,normal,96.0,True,0.0,,,,1
588,589,49,Male,Hungary,asymptomatic,150.0,222.0,False,normal,122.0,False,2.0,flat,,,1
589,590,50,Male,Hungary,asymptomatic,140.0,231.0,False,st-t abnormality,140.0,True,5.0,flat,,,1
590,591,50,Male,Hungary,asymptomatic,140.0,341.0,False,st-t abnormality,125.0,True,2.5,flat,,,1
591,592,52,Male,Hungary,asymptomatic,140.0,266.0,False,normal,134.0,True,2.0,flat,,,1
592,593,52,Male,Hungary,asymptomatic,160.0,331.0,False,normal,94.0,True,2.5,,,,1
593,594,54,Female,Hungary,non-anginal,130.0,294.0,False,st-t abnormality,100.0,True,0.0,flat,,,1
594,595,56,Male,Hungary,asymptomatic,155.0,342.0,True,normal,150.0,True,3.0,flat,,,1
595,596,58,Female,Hungary,atypical angina,180.0,393.0,False,normal,110.0,True,1.0,flat,,reversable defect,1
596,597,65,Male,Hungary,asymptomatic,130.0,275.0,False,st-t abnormality,115.0,True,1.0,flat,,,1
597,598,32,Male,Switzerland,typical angina,95.0,0.0,,normal,127.0,False,0.7,upsloping,,,1
598,599,34,Male,Switzerland,asymptomatic,115.0,0.0,,,154.0,False,0.2,upsloping,,,1
599,600,35,Male,Switzerland,asymptomatic,,0.0,,normal,130.0,True,,,,reversable defect,3
600,601,36,Male,Switzerland,asymptomatic,110.0,0.0,,normal,125.0,True,1.0,flat,,fixed defect,1
601,602,38,Female,Switzerland,asymptomatic,105.0,0.0,,normal,166.0,False,2.8,upsloping,,,2
602,603,38,Female,Switzerland,asymptomatic,110.0,0.0,False,normal,156.0,False,0.0,flat,,normal,1
603,604,38,Male,Switzerland,non-anginal,100.0,0.0,,normal,179.0,False,-1.1,upsloping,,,0
604,605,38,Male,Switzerland,non-anginal,115.0,0.0,False,normal,128.0,True,0.0,flat,,reversable defect,1
605,606,38,Male,Switzerland,asymptomatic,135.0,0.0,,normal,150.0,False,0.0,,,normal,2
606,607,38,Male,Switzerland,asymptomatic,150.0,0.0,,normal,120.0,True,,,,normal,1
607,608,40,Male,Switzerland,asymptomatic,95.0,0.0,,st-t abnormality,144.0,False,0.0,upsloping,,,2
608,609,41,Male,Switzerland,asymptomatic,125.0,0.0,,normal,176.0,False,1.6,upsloping,,,2
609,610,42,Male,Switzerland,asymptomatic,105.0,0.0,,normal,128.0,True,-1.5,downsloping,,,1
610,611,42,Male,Switzerland,asymptomatic,145.0,0.0,False,normal,99.0,True,0.0,flat,,,2
611,612,43,Male,Switzerland,asymptomatic,100.0,0.0,,normal,122.0,False,1.5,downsloping,,,3
612,613,43,Male,Switzerland,asymptomatic,115.0,0.0,False,normal,145.0,True,2.0,flat,,reversable defect,4
613,614,43,Male,Switzerland,asymptomatic,140.0,0.0,False,st-t abnormality,140.0,True,0.5,upsloping,,reversable defect,2
614,615,45,Male,Switzerland,non-anginal,110.0,0.0,,normal,138.0,False,-0.1,upsloping,,,0
615,616,46,Male,Switzerland,asymptomatic,100.0,0.0,,st-t abnormality,133.0,False,-2.6,flat,,,1
616,617,46,Male,Switzerland,asymptomatic,115.0,0.0,False,normal,113.0,True,1.5,flat,,reversable defect,1
617,618,47,Male,Switzerland,non-anginal,110.0,0.0,,normal,120.0,True,0.0,,,normal,1
618,619,47,Male,Switzerland,non-anginal,155.0,0.0,False,normal,118.0,True,1.0,flat,,normal,3
619,620,47,Male,Switzerland,asymptomatic,110.0,0.0,,st-t abnormality,149.0,False,2.1,upsloping,,,2
620,621,47,Male,Switzerland,asymptomatic,160.0,0.0,False,normal,124.0,True,0.0,flat,,reversable defect,1
621,622,48,Male,Switzerland,asymptomatic,115.0,0.0,,normal,128.0,False,0.0,flat,,fixed defect,2
622,623,50,Female,Switzerland,asymptomatic,160.0,0.0,,normal,110.0,False,0.0,,,normal,1
623,624,50,Male,Switzerland,asymptomatic,115.0,0.0,False,normal,120.0,True,0.5,flat,,fixed defect,3
624,625,50,Male,Switzerland,asymptomatic,120.0,0.0,False,st-t abnormality,156.0,True,0.0,upsloping,,fixed defect,3
625,626,50,Male,Switzerland,asymptomatic,145.0,0.0,,normal,139.0,True,0.7,flat,,,1
626,627,51,Female,Switzerland,asymptomatic,120.0,0.0,,normal,127.0,True,1.5,upsloping,,,2
627,628,51,Male,Switzerland,asymptomatic,110.0,0.0,,normal,92.0,False,0.0,flat,,,4
628,629,51,Male,Switzerland,asymptomatic,120.0,0.0,True,normal,104.0,False,0.0,flat,,normal,3
629,630,51,Male,Switzerland,asymptomatic,130.0,0.0,,normal,170.0,False,-0.7,upsloping,,,2
630,631,51,Male,Switzerland,asymptomatic,130.0,0.0,,st-t abnormality,163.0,False,0.0,,,reversable defect,1
631,632,51,Male,Switzerland,asymptomatic,140.0,0.0,False,normal,60.0,False,0.0,flat,,normal,2
632,633,51,Male,Switzerland,asymptomatic,95.0,0.0,,normal,126.0,False,2.2,flat,,,2
633,634,52,Male,Switzerland,asymptomatic,130.0,0.0,,normal,120.0,False,0.0,flat,,reversable defect,2
634,635,52,Male,Switzerland,asymptomatic,135.0,0.0,,normal,128.0,True,2.0,flat,,reversable defect,2
635,636,52,Male,Switzerland,asymptomatic,165.0,0.0,,normal,122.0,True,1.0,upsloping,,reversable defect,2
636,637,52,Male,Switzerland,asymptomatic,95.0,0.0,,normal,82.0,True,,,,,2
637,638,53,Male,Switzerland,atypical angina,120.0,0.0,False,normal,95.0,False,0.0,flat,,normal,3
638,639,53,Male,Switzerland,atypical angina,130.0,0.0,,st-t abnormality,120.0,False,0.7,downsloping,,,0
639,640,53,Male,Switzerland,non-anginal,105.0,0.0,False,normal,115.0,False,0.0,flat,,reversable defect,1
640,641,53,Male,Switzerland,non-anginal,160.0,0.0,,lv hypertrophy,122.0,True,0.0,,,reversable defect,1
641,642,53,Male,Switzerland,asymptomatic,120.0,0.0,,normal,120.0,False,0.0,flat,,reversable defect,1
642,643,53,Male,Switzerland,asymptomatic,125.0,0.0,,normal,120.0,False,1.5,upsloping,,,4
643,644,53,Male,Switzerland,asymptomatic,130.0,0.0,False,lv hypertrophy,135.0,True,1.0,flat,,reversable defect,2
644,645,53,Male,Switzerland,asymptomatic,80.0,0.0,,normal,141.0,True,2.0,downsloping,,,0
645,646,54,Male,Switzerland,asymptomatic,120.0,0.0,False,normal,155.0,False,0.0,flat,,reversable defect,2
646,647,54,Male,Switzerland,asymptomatic,130.0,0.0,,normal,110.0,True,3.0,flat,,reversable defect,3
647,648,54,Male,Switzerland,asymptomatic,180.0,0.0,,normal,150.0,False,1.5,flat,,reversable defect,1
648,649,55,Male,Switzerland,atypical angina,140.0,0.0,,st-t abnormality,150.0,False,0.2,upsloping,,,0
649,650,55,Male,Switzerland,asymptomatic,115.0,0.0,,normal,155.0,False,0.1,flat,,,1
650,651,55,Male,Switzerland,asymptomatic,120.0,0.0,False,st-t abnormality,92.0,False,0.3,upsloping,,reversable defect,4
651,652,55,Male,Switzerland,asymptomatic,140.0,0.0,False,normal,83.0,False,0.0,flat,,reversable defect,2
652,653,56,Male,Switzerland,non-anginal,120.0,0.0,False,normal,97.0,False,0.0,flat,,reversable defect,0
653,654,56,Male,Switzerland,non-anginal,125.0,0.0,,normal,98.0,False,-2.0,flat,,reversable defect,2
654,655,56,Male,Switzerland,non-anginal,155.0,0.0,False,st-t abnormality,99.0,False,0.0,flat,,normal,2
655,656,56,Male,Switzerland,asymptomatic,115.0,0.0,,st-t abnormality,82.0,False,-1.0,upsloping,,,1
656,657,56,Male,Switzerland,asymptomatic,120.0,0.0,False,st-t abnormality,100.0,True,-1.0,downsloping,,reversable defect,2
657,658,56,Male,Switzerland,asymptomatic,120.0,0.0,False,st-t abnormality,148.0,False,0.0,flat,,,2
658,659,56,Male,Switzerland,asymptomatic,125.0,0.0,True,normal,103.0,True,1.0,flat,,reversable defect,3
659,660,56,Male,Switzerland,asymptomatic,140.0,0.0,,normal,121.0,True,1.8,upsloping,,,1
660,661,57,Male,Switzerland,non-anginal,105.0,0.0,,normal,148.0,False,0.3,flat,,,1
661,662,57,Male,Switzerland,asymptomatic,110.0,0.0,,st-t abnormality,131.0,True,1.4,upsloping,1.0,,3
662,663,57,Male,Switzerland,asymptomatic,140.0,0.0,False,normal,120.0,True,2.0,flat,,fixed defect,2
663,664,57,Male,Switzerland,asymptomatic,140.0,0.0,,normal,100.0,True,0.0,,,fixed defect,3
664,665,57,Male,Switzerland,asymptomatic,160.0,0.0,,normal,98.0,True,2.0,flat,,reversable defect,2
665,666,57,Male,Switzerland,asymptomatic,95.0,0.0,,normal,182.0,False,0.7,downsloping,,,1
666,667,58,Male,Switzerland,asymptomatic,115.0,0.0,,normal,138.0,False,0.5,upsloping,,,1
667,668,58,Male,Switzerland,asymptomatic,130.0,0.0,False,st-t abnormality,100.0,True,1.0,flat,,fixed defect,4
668,669,58,Male,Switzerland,asymptomatic,170.0,0.0,,st-t abnormality,105.0,True,0.0,,,normal,1
669,670,59,Male,Switzerland,non-anginal,125.0,0.0,,normal,175.0,False,2.6,flat,,,1
670,671,59,Male,Switzerland,asymptomatic,110.0,0.0,,normal,94.0,False,0.0,,,fixed defect,3
671,672,59,Male,Switzerland,asymptomatic,120.0,0.0,False,normal,115.0,False,0.0,flat,,normal,2
672,673,59,Male,Switzerland,asymptomatic,125.0,0.0,,normal,119.0,True,0.9,upsloping,,,1
673,674,59,Male,Switzerland,asymptomatic,135.0,0.0,False,normal,115.0,True,1.0,flat,,reversable defect,1
674,675,60,Male,Switzerland,non-anginal,115.0,0.0,,normal,143.0,False,2.4,upsloping,,,1
675,676,60,Male,Switzerland,asymptomatic,125.0,0.0,,normal,110.0,False,0.1,upsloping,2.0,,3
676,677,60,Male,Switzerland,asymptomatic,130.0,0.0,,st-t abnormality,130.0,True,1.1,downsloping,1.0,,1
677,678,60,Male,Switzerland,asymptomatic,135.0,0.0,False,normal,63.0,True,0.5,upsloping,,reversable defect,3
678,679,60,Male,Switzerland,asymptomatic,160.0,0.0,False,st-t abnormality,99.0,True,0.5,flat,,reversable defect,3
679,680,60,Male,Switzerland,asymptomatic,160.0,0.0,,normal,149.0,False,0.4,flat,,,1
680,681,61,Male,Switzerland,non-anginal,200.0,0.0,,st-t abnormality,70.0,False,0.0,,,normal,3
681,682,61,Male,Switzerland,asymptomatic,105.0,0.0,,normal,110.0,True,1.5,upsloping,,,1
682,683,61,Male,Switzerland,asymptomatic,110.0,0.0,,normal,113.0,False,1.4,flat,,,1
683,684,61,Male,Switzerland,asymptomatic,125.0,0.0,False,normal,105.0,True,0.0,downsloping,,reversable defect,3
684,685,61,Male,Switzerland,asymptomatic,130.0,0.0,False,lv hypertrophy,115.0,False,0.0,flat,,reversable defect,3
685,686,61,Male,Switzerland,asymptomatic,130.0,0.0,,normal,77.0,False,2.5,flat,,,3
686,687,61,Male,Switzerland,asymptomatic,150.0,0.0,False,normal,105.0,True,0.0,flat,,reversable defect,1
687,688,61,Male,Switzerland,asymptomatic,150.0,0.0,False,normal,117.0,True,2.0,flat,,reversable defect,2
688,689,61,Male,Switzerland,asymptomatic,160.0,0.0,True,st-t abnormality,145.0,False,1.0,flat,,reversable defect,2
689,690,62,Female,Switzerland,typical angina,140.0,0.0,,normal,143.0,False,0.0,,,normal,2
690,691,62,Female,Switzerland,asymptomatic,120.0,0.0,,st-t abnormality,123.0,True,1.7,downsloping,,,1
691,692,62,Male,Switzerland,typical angina,120.0,0.0,,lv hypertrophy,134.0,False,-0.8,flat,2.0,,1
692,693,62,Male,Switzerland,non-anginal,160.0,0.0,False,normal,72.0,True,0.0,flat,,normal,3
693,694,62,Male,Switzerland,asymptomatic,115.0,0.0,,normal,128.0,True,2.5,downsloping,,,2
694,695,62,Male,Switzerland,asymptomatic,115.0,0.0,,normal,72.0,True,-0.5,flat,,normal,1
695,696,62,Male,Switzerland,asymptomatic,150.0,0.0,,st-t abnormality,78.0,False,2.0,flat,,reversable defect,3
696,697,63,Male,Switzerland,asymptomatic,100.0,0.0,,normal,109.0,False,-0.9,flat,,,1
697,698,63,Male,Switzerland,asymptomatic,140.0,0.0,,lv hypertrophy,149.0,False,2.0,upsloping,,,2
698,699,63,Male,Switzerland,asymptomatic,150.0,0.0,False,normal,86.0,True,2.0,flat,,,3
699,700,63,Male,Switzerland,asymptomatic,150.0,0.0,,st-t abnormality,154.0,False,3.7,upsloping,,,3
700,701,63,Male,Switzerland,asymptomatic,185.0,0.0,False,normal,98.0,True,0.0,upsloping,,reversable defect,1
701,702,64,Female,Switzerland,asymptomatic,200.0,0.0,False,normal,140.0,True,1.0,flat,,normal,3
702,703,64,Female,Switzerland,asymptomatic,95.0,0.0,,normal,145.0,False,1.1,downsloping,,,1
703,704,64,Male,Switzerland,asymptomatic,110.0,0.0,,normal,114.0,True,1.3,downsloping,,,1
704,705,65,Male,Switzerland,asymptomatic,115.0,0.0,False,normal,93.0,True,0.0,flat,,reversable defect,1
705,706,65,Male,Switzerland,asymptomatic,145.0,0.0,,st-t abnormality,67.0,False,,,,fixed defect,3
706,707,65,Male,Switzerland,asymptomatic,155.0,0.0,,normal,154.0,False,1.0,upsloping,,,0
707,708,65,Male,Switzerland,asymptomatic,160.0,0.0,True,st-t abnormality,122.0,False,,,,reversable defect,3
708,709,66,Female,Switzerland,asymptomatic,155.0,0.0,,normal,90.0,False,0.0,,,reversable defect,1
709,710,66,Male,Switzerland,asymptomatic,150.0,0.0,False,normal,108.0,True,2.0,flat,,reversable defect,3
710,711,67,Male,Switzerland,typical angina,145.0,0.0,False,lv hypertrophy,125.0,False,0.0,flat,,normal,2
711,712,68,Male,Switzerland,asymptomatic,135.0,0.0,False,st-t abnormality,120.0,True,0.0,upsloping,,reversable defect,3
712,713,68,Male,Switzerland,asymptomatic,145.0,0.0,,normal,136.0,False,1.8,upsloping,,,1
713,714,69,Male,Switzerland,asymptomatic,135.0,0.0,False,normal,130.0,False,0.0,flat,,fixed defect,1
714,715,69,Male,Switzerland,asymptomatic,,0.0,False,st-t abnormality,,,,,,reversable defect,3
715,716,70,Male,Switzerland,asymptomatic,115.0,0.0,False,st-t abnormality,92.0,True,0.0,flat,,reversable defect,1
716,717,70,Male,Switzerland,asymptomatic,140.0,0.0,True,normal,157.0,True,2.0,flat,,reversable defect,3
717,718,72,Male,Switzerland,non-anginal,160.0,0.0,,lv hypertrophy,114.0,False,1.6,flat,2.0,,0
718,719,73,Female,Switzerland,non-anginal,160.0,0.0,False,st-t abnormality,121.0,False,0.0,upsloping,,normal,1
719,720,74,Male,Switzerland,atypical angina,145.0,0.0,,st-t abnormality,123.0,False,1.3,upsloping,,,1
720,721,63,Male,VA Long Beach,asymptomatic,140.0,260.0,False,st-t abnormality,112.0,True,3.0,flat,,,2
721,722,44,Male,VA Long Beach,asymptomatic,130.0,209.0,False,st-t abnormality,127.0,False,0.0,,,,0
722,723,60,Male,VA Long Beach,asymptomatic,132.0,218.0,False,st-t abnormality,140.0,True,1.5,downsloping,,,2
723,724,55,Male,VA Long Beach,asymptomatic,142.0,228.0,False,st-t abnormality,149.0,True,2.5,upsloping,,,1
724,725,66,Male,VA Long Beach,non-anginal,110.0,213.0,True,lv hypertrophy,99.0,True,1.3,flat,,,0
725,726,66,Male,VA Long Beach,non-anginal,120.0,0.0,False,st-t abnormality,120.0,False,-0.5,upsloping,,,0
726,727,65,Male,VA Long Beach,asymptomatic,150.0,236.0,True,st-t abnormality,105.0,True,0.0,,,,3
727,728,60,Male,VA Long Beach,non-anginal,180.0,0.0,False,st-t abnormality,140.0,True,1.5,flat,,,0
728,729,60,Male,VA Long Beach,non-anginal,120.0,0.0,,normal,141.0,True,2.0,upsloping,,,3
729,730,60,Male,VA Long Beach,atypical angina,160.0,267.0,True,st-t abnormality,157.0,False,0.5,flat,,,1
730,731,56,Male,VA Long Beach,atypical angina,126.0,166.0,False,st-t abnormality,140.0,False,0.0,,,,0
731,732,59,Male,VA Long Beach,asymptomatic,140.0,0.0,False,st-t abnormality,117.0,True,1.0,flat,,,1
732,733,62,Male,VA Long Beach,asymptomatic,110.0,0.0,False,normal,120.0,True,0.5,flat,,normal,1
733,734,63,Male,VA Long Beach,non-anginal,,0.0,False,lv hypertrophy,,,,,,,1
734,735,57,Male,VA Long Beach,asymptomatic,128.0,0.0,True,st-t abnormality,148.0,True,1.0,flat,,,1
735,736,62,Male,VA Long Beach,asymptomatic,120.0,220.0,False,st-t abnormality,86.0,False,0.0,,,,0
736,737,63,Male,VA Long Beach,asymptomatic,170.0,177.0,False,normal,84.0,True,2.5,downsloping,,,4
737,738,46,Male,VA Long Beach,asymptomatic,110.0,236.0,False,normal,125.0,True,2.0,flat,,,1
738,739,63,Male,VA Long Beach,asymptomatic,126.0,0.0,False,st-t abnormality,120.0,False,1.5,downsloping,,,0
739,740,60,Male,VA Long Beach,asymptomatic,152.0,0.0,False,st-t abnormality,118.0,True,0.0,,,reversable defect,0
740,741,58,Male,VA Long Beach,asymptomatic,116.0,0.0,False,normal,124.0,False,1.0,upsloping,,,2
741,742,64,Male,VA Long Beach,asymptomatic,120.0,0.0,True,st-t abnormality,106.0,False,2.0,flat,,,1
742,743,63,Male,VA Long Beach,non-anginal,130.0,0.0,False,st-t abnormality,111.0,True,0.0,,,,3
743,744,74,Male,VA Long Beach,non-anginal,,0.0,False,normal,,,,,,,0
744,745,52,Male,VA Long Beach,non-anginal,128.0,0.0,False,st-t abnormality,180.0,False,3.0,upsloping,,,2
745,746,69,Male,VA Long Beach,asymptomatic,130.0,0.0,True,st-t abnormality,129.0,False,1.0,flat,,fixed defect,2
746,747,51,Male,VA Long Beach,asymptomatic,,0.0,True,st-t abnormality,,,,,,,2
747,748,60,Male,VA Long Beach,asymptomatic,130.0,186.0,True,st-t abnormality,140.0,True,0.5,flat,,,1
748,749,56,Male,VA Long Beach,asymptomatic,120.0,100.0,False,normal,120.0,True,1.5,flat,0.0,reversable defect,1
749,750,55,Male,VA Long Beach,non-anginal,,228.0,False,st-t abnormality,,,,,,,3
750,751,54,Male,VA Long Beach,asymptomatic,,0.0,False,st-t abnormality,,,,,,,3
751,752,77,Male,VA Long Beach,asymptomatic,124.0,171.0,False,st-t abnormality,110.0,True,2.0,upsloping,,,3
752,753,63,Male,VA Long Beach,asymptomatic,160.0,230.0,True,normal,105.0,True,1.0,flat,,,3
753,754,55,Male,VA Long Beach,non-anginal,0.0,0.0,False,normal,155.0,False,1.5,flat,,,3
754,755,52,Male,VA Long Beach,non-anginal,122.0,0.0,False,normal,110.0,True,2.0,downsloping,,,2
755,756,64,Male,VA Long Beach,asymptomatic,144.0,0.0,False,st-t abnormality,122.0,True,1.0,flat,,,3
756,757,60,Male,VA Long Beach,asymptomatic,,281.0,False,st-t abnormality,,,,,,,2
757,758,60,Male,VA Long Beach,asymptomatic,120.0,0.0,False,normal,133.0,True,2.0,upsloping,,reversable defect,0
758,759,58,Male,VA Long Beach,asymptomatic,,203.0,True,normal,,,,,,,1
759,760,59,Male,VA Long Beach,asymptomatic,154.0,0.0,False,st-t abnormality,131.0,True,1.5,,0.0,,0
760,761,61,Male,VA Long Beach,non-anginal,120.0,0.0,False,normal,80.0,True,0.0,flat,,,3
761,762,40,Male,VA Long Beach,asymptomatic,125.0,0.0,True,normal,165.0,False,0.0,,,reversable defect,1
762,763,61,Male,VA Long Beach,asymptomatic,,0.0,True,st-t abnormality,86.0,False,1.5,flat,,reversable defect,3
763,764,41,Male,VA Long Beach,asymptomatic,104.0,0.0,False,st-t abnormality,111.0,False,0.0,,,,0
764,765,57,Male,VA Long Beach,asymptomatic,,277.0,True,st-t abnormality,,,,,,,4
765,766,63,Male,VA Long Beach,asymptomatic,136.0,0.0,False,normal,84.0,True,0.0,,,reversable defect,2
766,767,59,Male,VA Long Beach,asymptomatic,122.0,233.0,False,normal,117.0,True,1.3,downsloping,,,1
767,768,51,Male,VA Long Beach,asymptomatic,128.0,0.0,False,normal,107.0,False,0.0,,,,0
768,769,59,Male,VA Long Beach,non-anginal,,0.0,False,normal,128.0,True,2.0,downsloping,,,2
769,770,42,Male,VA Long Beach,non-anginal,134.0,240.0,,normal,160.0,False,0.0,,,,0
770,771,55,Male,VA Long Beach,non-anginal,120.0,0.0,False,st-t abnormality,125.0,True,2.5,flat,,reversable defect,1
771,772,63,Female,VA Long Beach,atypical angina,,0.0,False,normal,,,,,,,0
772,773,62,Male,VA Long Beach,asymptomatic,152.0,153.0,False,st-t abnormality,97.0,True,1.6,upsloping,,reversable defect,2
773,774,56,Male,VA Long Beach,atypical angina,124.0,224.0,True,normal,161.0,False,2.0,flat,,,0
774,775,53,Male,VA Long Beach,asymptomatic,126.0,0.0,False,normal,106.0,False,0.0,,,,1
775,776,68,Male,VA Long Beach,asymptomatic,138.0,0.0,False,normal,130.0,True,3.0,flat,,,2
776,777,53,Male,VA Long Beach,asymptomatic,154.0,0.0,,st-t abnormality,140.0,True,1.5,flat,,,2
777,778,60,Male,VA Long Beach,non-anginal,,316.0,True,st-t abnormality,,,,,,,3
778,779,62,Male,VA Long Beach,atypical angina,,0.0,False,normal,,,,,,,0
779,780,59,Male,VA Long Beach,asymptomatic,178.0,0.0,True,lv hypertrophy,120.0,True,0.0,,,reversable defect,1
780,781,51,Male,VA Long Beach,asymptomatic,,218.0,True,lv hypertrophy,,,,,,,0
781,782,61,Male,VA Long Beach,asymptomatic,110.0,0.0,,normal,108.0,True,2.0,downsloping,,,2
782,783,57,Male,VA Long Beach,asymptomatic,130.0,311.0,,st-t abnormality,148.0,True,2.0,flat,,,1
783,784,56,Male,VA Long Beach,non-anginal,170.0,0.0,False,lv hypertrophy,123.0,True,2.5,,,,4
784,785,58,Male,VA Long Beach,atypical angina,126.0,0.0,True,normal,110.0,True,2.0,flat,,,2
785,786,69,Male,VA Long Beach,non-anginal,140.0,0.0,,st-t abnormality,118.0,False,2.5,downsloping,,,2
786,787,67,Male,VA Long Beach,typical angina,142.0,270.0,True,normal,125.0,False,2.5,upsloping,,,3
787,788,58,Male,VA Long Beach,asymptomatic,120.0,0.0,False,lv hypertrophy,106.0,True,1.5,downsloping,,reversable defect,1
788,789,65,Male,VA Long Beach,asymptomatic,,0.0,False,normal,,,,,,,1
789,790,63,Male,VA Long Beach,atypical angina,,217.0,True,st-t abnormality,,,,,,,1
790,791,55,Male,VA Long Beach,atypical angina,110.0,214.0,True,st-t abnormality,180.0,False,,,,,0
791,792,57,Male,VA Long Beach,asymptomatic,140.0,214.0,False,st-t abnormality,144.0,True,2.0,flat,,fixed defect,2
792,793,65,Male,VA Long Beach,typical angina,,252.0,False,normal,,,,,,,0
793,794,54,Male,VA Long Beach,asymptomatic,136.0,220.0,False,normal,140.0,True,3.0,flat,,,3
794,795,72,Male,VA Long Beach,non-anginal,120.0,214.0,False,normal,102.0,True,1.0,flat,,,3
795,796,75,Male,VA Long Beach,asymptomatic,170.0,203.0,True,st-t abnormality,108.0,False,0.0,,,reversable defect,1
796,797,49,Male,VA Long Beach,typical angina,130.0,0.0,False,st-t abnormality,145.0,False,3.0,flat,,,2
797,798,51,Male,VA Long Beach,non-anginal,,339.0,False,normal,,,,,,,3
798,799,60,Male,VA Long Beach,asymptomatic,142.0,216.0,False,normal,110.0,True,2.5,flat,,,2
799,800,64,Female,VA Long Beach,asymptomatic,142.0,276.0,False,normal,140.0,True,1.0,flat,,reversable defect,1
800,801,58,Male,VA Long Beach,asymptomatic,132.0,458.0,True,normal,69.0,False,1.0,downsloping,,,0
801,802,61,Male,VA Long Beach,asymptomatic,146.0,241.0,False,normal,148.0,True,3.0,downsloping,,,2
802,803,67,Male,VA Long Beach,asymptomatic,160.0,384.0,True,st-t abnormality,130.0,True,0.0,flat,,,2
803,804,62,Male,VA Long Beach,asymptomatic,135.0,297.0,False,normal,130.0,True,1.0,flat,,,2
804,805,65,Male,VA Long Beach,asymptomatic,136.0,248.0,False,normal,140.0,True,4.0,downsloping,,,4
805,806,63,Male,VA Long Beach,asymptomatic,130.0,308.0,False,normal,138.0,True,2.0,flat,,,2
806,807,69,Male,VA Long Beach,asymptomatic,140.0,208.0,False,st-t abnormality,140.0,True,2.0,,,,3
807,808,51,Male,VA Long Beach,asymptomatic,,227.0,True,st-t abnormality,,,,,,,0
808,809,62,Male,VA Long Beach,asymptomatic,158.0,210.0,True,normal,112.0,True,3.0,downsloping,,,1
809,810,55,Male,VA Long Beach,non-anginal,,245.0,True,st-t abnormality,,,,,,,1
810,811,75,Male,VA Long Beach,asymptomatic,136.0,225.0,False,normal,112.0,True,3.0,flat,,,3
811,812,40,Male,VA Long Beach,non-anginal,106.0,240.0,False,normal,80.0,True,0.0,,,reversable defect,0
812,813,67,Male,VA Long Beach,asymptomatic,120.0,0.0,True,normal,150.0,False,1.5,downsloping,,,3
813,814,58,Male,VA Long Beach,asymptomatic,110.0,198.0,False,normal,110.0,False,0.0,,,,1
814,815,60,Male,VA Long Beach,asymptomatic,,195.0,False,normal,,,,,,,0
815,816,63,Male,VA Long Beach,asymptomatic,160.0,267.0,True,st-t abnormality,88.0,True,2.0,,,,3
816,817,35,Male,VA Long Beach,non-anginal,,161.0,False,st-t abnormality,,,,,,,0
817,818,62,Male,VA Long Beach,typical angina,112.0,258.0,False,st-t abnormality,150.0,True,,,,,1
818,819,43,Male,VA Long Beach,asymptomatic,122.0,0.0,False,normal,120.0,False,0.5,upsloping,,,1
819,820,63,Male,VA Long Beach,non-anginal,130.0,0.0,True,st-t abnormality,160.0,False,3.0,flat,,,0
820,821,68,Male,VA Long Beach,non-anginal,150.0,195.0,True,normal,132.0,False,0.0,,,fixed defect,1
821,822,65,Male,VA Long Beach,asymptomatic,150.0,235.0,False,normal,120.0,True,1.5,flat,,,3
822,823,48,Male,VA Long Beach,non-anginal,102.0,0.0,,st-t abnormality,110.0,True,1.0,downsloping,,,1
823,824,63,Male,VA Long Beach,asymptomatic,96.0,305.0,False,st-t abnormality,121.0,True,1.0,upsloping,,,1
824,825,64,Male,VA Long Beach,asymptomatic,130.0,223.0,False,st-t abnormality,128.0,False,0.5,flat,,,0
825,826,61,Male,VA Long Beach,asymptomatic,120.0,282.0,False,st-t abnormality,135.0,True,4.0,downsloping,,fixed defect,3
826,827,50,Male,VA Long Beach,asymptomatic,144.0,349.0,False,lv hypertrophy,120.0,True,1.0,upsloping,,reversable defect,1
827,828,59,Male,VA Long Beach,asymptomatic,124.0,,False,normal,117.0,True,1.0,flat,,,1
828,829,55,Male,VA Long Beach,asymptomatic,150.0,160.0,False,st-t abnormality,150.0,False,0.0,,,,0
829,830,45,Male,VA Long Beach,non-anginal,,236.0,False,normal,,,,,,,0
830,831,65,Male,VA Long Beach,asymptomatic,,312.0,False,lv hypertrophy,,,,,,,3
831,832,61,Male,VA Long Beach,atypical angina,,283.0,False,normal,,,,,,,0
832,833,49,Male,VA Long Beach,non-anginal,,142.0,False,normal,,,,,,,3
833,834,72,Male,VA Long Beach,asymptomatic,,211.0,False,normal,,,,,,,1
834,835,50,Male,VA Long Beach,asymptomatic,,218.0,False,normal,,,,,,,1
835,836,64,Male,VA Long Beach,asymptomatic,,306.0,True,st-t abnormality,,,,,,,3
836,837,55,Male,VA Long Beach,asymptomatic,116.0,186.0,True,st-t abnormality,102.0,False,0.0,,,,2
837,838,63,Male,VA Long Beach,asymptomatic,110.0,252.0,False,st-t abnormality,140.0,True,2.0,flat,,,2
838,839,59,Male,VA Long Beach,asymptomatic,125.0,222.0,False,normal,135.0,True,2.5,downsloping,,,3
839,840,56,Male,VA Long Beach,asymptomatic,,0.0,False,lv hypertrophy,,,,,,,1
840,841,62,Male,VA Long Beach,non-anginal,,0.0,True,st-t abnormality,,,,,,,2
841,842,74,Male,VA Long Beach,asymptomatic,150.0,258.0,True,st-t abnormality,130.0,True,4.0,downsloping,,,3
842,843,54,Male,VA Long Beach,asymptomatic,130.0,202.0,True,normal,112.0,True,2.0,flat,,,1
843,844,57,Male,VA Long Beach,asymptomatic,110.0,197.0,False,lv hypertrophy,100.0,False,0.0,,,,0
844,845,62,Male,VA Long Beach,non-anginal,,204.0,False,st-t abnormality,,,,,,,1
845,846,76,Male,VA Long Beach,non-anginal,104.0,,False,lv hypertrophy,120.0,False,3.5,downsloping,,,4
846,847,54,Female,VA Long Beach,asymptomatic,138.0,274.0,False,normal,105.0,True,1.5,flat,,,1
847,848,70,Male,VA Long Beach,asymptomatic,170.0,192.0,False,st-t abnormality,129.0,True,3.0,downsloping,,,2
848,849,61,Female,VA Long Beach,atypical angina,140.0,298.0,True,normal,120.0,True,0.0,,,reversable defect,0
849,850,48,Male,VA Long Beach,asymptomatic,,272.0,False,st-t abnormality,,,,,,,0
850,851,48,Male,VA Long Beach,non-anginal,132.0,220.0,True,st-t abnormality,162.0,False,0.0,,,fixed defect,1
851,852,61,Male,VA Long Beach,typical angina,142.0,200.0,True,st-t abnormality,100.0,False,1.5,downsloping,,,3
852,853,66,Male,VA Long Beach,asymptomatic,112.0,261.0,False,normal,140.0,False,1.5,upsloping,,,1
853,854,68,Male,VA Long Beach,typical angina,,181.0,True,st-t abnormality,,,,,,,0
854,855,55,Male,VA Long Beach,asymptomatic,172.0,260.0,False,normal,73.0,False,2.0,,,,3
855,856,62,Male,VA Long Beach,non-anginal,120.0,220.0,False,lv hypertrophy,86.0,False,0.0,,,,0
856,857,71,Male,VA Long Beach,non-anginal,,221.0,False,normal,,,,,,,3
857,858,74,Male,VA Long Beach,typical angina,,216.0,True,normal,,,,,,,3
858,859,53,Male,VA Long Beach,non-anginal,155.0,175.0,True,st-t abnormality,160.0,False,,,,fixed defect,0
859,860,58,Male,VA Long Beach,non-anginal,150.0,219.0,False,st-t abnormality,118.0,True,0.0,,,,2
860,861,75,Male,VA Long Beach,asymptomatic,160.0,310.0,True,normal,112.0,True,2.0,downsloping,,reversable defect,0
861,862,56,Male,VA Long Beach,non-anginal,,208.0,True,st-t abnormality,,,,,,,4
862,863,58,Male,VA Long Beach,non-anginal,,232.0,False,st-t abnormality,,,,,,,2
863,864,64,Male,VA Long Beach,asymptomatic,134.0,273.0,False,normal,102.0,True,4.0,downsloping,,,4
864,865,54,Male,VA Long Beach,non-anginal,,203.0,False,st-t abnormality,,,,,,,0
865,866,54,Male,VA Long Beach,atypical angina,,182.0,False,st-t abnormality,,,,,,,0
866,867,59,Male,VA Long Beach,asymptomatic,140.0,274.0,False,normal,154.0,True,2.0,flat,,,0
867,868,55,Male,VA Long Beach,asymptomatic,,204.0,True,st-t abnormality,,,,,,,1
868,869,57,Male,VA Long Beach,asymptomatic,144.0,270.0,True,st-t abnormality,160.0,True,2.0,flat,,,3
869,870,61,Male,VA Long Beach,asymptomatic,,292.0,False,st-t abnormality,,,,,,,3
870,871,41,Male,VA Long Beach,asymptomatic,150.0,171.0,False,normal,128.0,True,1.5,flat,,,0
871,872,71,Male,VA Long Beach,asymptomatic,130.0,221.0,False,st-t abnormality,115.0,True,0.0,,,,3
872,873,38,Male,VA Long Beach,asymptomatic,110.0,289.0,False,normal,105.0,True,1.5,downsloping,,,1
873,874,55,Male,VA Long Beach,asymptomatic,158.0,217.0,False,normal,110.0,True,2.5,flat,,,1
874,875,56,Male,VA Long Beach,asymptomatic,128.0,223.0,False,st-t abnormality,119.0,True,2.0,downsloping,,,2
875,876,69,Male,VA Long Beach,asymptomatic,,,True,normal,,,,,,,2
876,877,64,Male,VA Long Beach,asymptomatic,150.0,193.0,False,st-t abnormality,135.0,True,0.5,flat,,,2
877,878,72,Male,VA Long Beach,asymptomatic,160.0,,True,lv hypertrophy,130.0,False,1.5,,,,2
878,879,69,Male,VA Long Beach,asymptomatic,,210.0,True,st-t abnormality,,,,,,,2
879,880,56,Male,VA Long Beach,asymptomatic,,282.0,True,normal,,,,,,,1
880,881,62,Male,VA Long Beach,asymptomatic,,170.0,False,st-t abnormality,120.0,True,3.0,,,,4
881,882,67,Male,VA Long Beach,asymptomatic,,369.0,False,normal,,,,,,,3
882,883,57,Male,VA Long Beach,asymptomatic,156.0,173.0,False,lv hypertrophy,119.0,True,3.0,downsloping,,,3
883,884,69,Male,VA Long Beach,asymptomatic,,289.0,True,st-t abnormality,,,,,,,3
884,885,51,Male,VA Long Beach,asymptomatic,,,True,lv hypertrophy,,,,,,reversable defect,1
885,886,48,Male,VA Long Beach,asymptomatic,140.0,,False,normal,159.0,True,1.5,upsloping,,,3
886,887,69,Male,VA Long Beach,asymptomatic,122.0,216.0,True,lv hypertrophy,84.0,True,0.0,,,reversable defect,2
887,888,69,Male,VA Long Beach,non-anginal,,271.0,False,lv hypertrophy,,,,,,,0
888,889,64,Male,VA Long Beach,asymptomatic,,244.0,True,st-t abnormality,,,,,,,2
889,890,57,Male,VA Long Beach,atypical angina,180.0,285.0,True,st-t abnormality,120.0,False,0.8,,,,1
890,891,53,Male,VA Long Beach,asymptomatic,124.0,243.0,False,normal,122.0,True,2.0,flat,,reversable defect,1
891,892,37,Male,VA Long Beach,non-anginal,118.0,240.0,False,lv hypertrophy,165.0,False,1.0,flat,,normal,0
892,893,67,Male,VA Long Beach,asymptomatic,140.0,219.0,False,st-t abnormality,122.0,True,2.0,flat,,reversable defect,3
893,894,74,Male,VA Long Beach,non-anginal,140.0,237.0,True,normal,94.0,False,0.0,,,,1
894,895,63,Male,VA Long Beach,atypical angina,,165.0,False,st-t abnormality,,,,,,,0
895,896,58,Male,VA Long Beach,asymptomatic,100.0,213.0,False,st-t abnormality,110.0,False,0.0,,,,0
896,897,61,Male,VA Long Beach,asymptomatic,190.0,287.0,True,lv hypertrophy,150.0,True,2.0,downsloping,,,4
897,898,64,Male,VA Long Beach,asymptomatic,130.0,258.0,True,lv hypertrophy,130.0,False,0.0,,,fixed defect,2
898,899,58,Male,VA Long Beach,asymptomatic,160.0,256.0,True,lv hypertrophy,113.0,True,1.0,upsloping,,,3
899,900,60,Male,VA Long Beach,asymptomatic,130.0,186.0,True,lv hypertrophy,140.0,True,0.5,flat,,,1
900,901,57,Male,VA Long Beach,asymptomatic,122.0,264.0,False,lv hypertrophy,100.0,False,0.0,,,,1
901,902,55,Male,VA Long Beach,non-anginal,,,False,st-t abnormality,,,,,,,0
902,903,55,Male,VA Long Beach,asymptomatic,120.0,226.0,False,lv hypertrophy,127.0,True,1.7,downsloping,,reversable defect,1
903,904,56,Male,VA Long Beach,asymptomatic,130.0,203.0,True,normal,98.0,False,1.5,flat,,reversable defect,1
904,905,57,Male,VA Long Beach,asymptomatic,130.0,207.0,False,st-t abnormality,96.0,True,1.0,flat,,,0
905,906,61,Male,VA Long Beach,non-anginal,,284.0,False,normal,,,,,,,1
906,907,61,Male,VA Long Beach,non-anginal,120.0,337.0,False,normal,98.0,True,0.0,,,,3
907,908,58,Male,VA Long Beach,non-anginal,150.0,219.0,False,st-t abnormality,118.0,True,0.0,,,,2
908,909,74,Male,VA Long Beach,asymptomatic,155.0,310.0,False,normal,112.0,True,1.5,downsloping,,,2
909,910,68,Male,VA Long Beach,non-anginal,134.0,254.0,True,normal,151.0,True,0.0,,,normal,0
910,911,51,Female,VA Long Beach,asymptomatic,114.0,258.0,True,lv hypertrophy,96.0,False,1.0,upsloping,,,0
911,912,62,Male,VA Long Beach,asymptomatic,160.0,254.0,True,st-t abnormality,108.0,True,3.0,flat,,,4
912,913,53,Male,VA Long Beach,asymptomatic,144.0,300.0,True,st-t abnormality,128.0,True,1.5,flat,,,3
913,914,62,Male,VA Long Beach,asymptomatic,158.0,170.0,False,st-t abnormality,138.0,True,0.0,,,,1
914,915,46,Male,VA Long Beach,asymptomatic,134.0,310.0,False,normal,126.0,False,0.0,,,normal,2
915,916,54,Female,VA Long Beach,asymptomatic,127.0,333.0,True,st-t abnormality,154.0,False,0.0,,,,1
916,917,62,Male,VA Long Beach,typical angina,,139.0,False,st-t abnormality,,,,,,,0
917,918,55,Male,VA Long Beach,asymptomatic,122.0,223.0,True,st-t abnormality,100.0,False,0.0,,,fixed defect,2
918,919,58,Male,VA Long Beach,asymptomatic,,385.0,True,lv hypertrophy,,,,,,,0
919,920,62,Male,VA Long Beach,atypical angina,120.0,254.0,False,lv hypertrophy,93.0,True,0.0,,,,1
