,bmi,children,smoker,region,charges
0,39.16,1,no,southeast,14418.2804
1,26.98,0,yes,northwest,28950.4692
2,33.88,0,yes,southeast,46889.2612
3,35.86,0,yes,southeast,46599.1084
4,32.775,1,yes,northeast,39125.33225
5,30.59,0,no,northeast,2727.3951
6,30.2,2,no,southwest,8968.33
7,24.31,5,no,southeast,9788.8659
8,27.265,1,no,northeast,6555.07035
9,29.165,0,no,northeast,7323.734819
10,16.815,1,no,northeast,3167.45585
11,30.4,3,no,northwest,18804.7524
12,33.1,0,no,southwest,23082.95533
13,20.235,2,no,northwest,4906.40965
14,26.9,0,no,southwest,5969.723
15,30.5,0,no,southwest,12638.195
16,28.595,1,no,northwest,4243.59005
17,33.11,3,no,southeast,13919.8229
18,31.73,0,no,northeast,2254.7967
19,28.9,3,no,southwest,5926.846
20,46.75,5,no,southeast,12592.5345
21,29.45,0,no,northeast,2897.3235
22,32.68,1,no,northwest,4738.2682
23,33.5,0,yes,southwest,37079.372
24,43.01,0,no,southeast,1149.3959
25,36.52,1,no,southeast,28287.89766
26,26.695,1,yes,northwest,26109.32905
27,33.1,0,no,southwest,7345.084
28,29.64,0,no,northeast,12730.9996
29,25.65,0,no,northwest,11454.0215
30,29.6,0,no,southwest,5910.944
31,38.6,1,no,southwest,4762.329
32,29.6,4,no,southwest,7512.267
33,24.13,1,no,northwest,4032.2407
34,23.4,0,no,southwest,1969.614
35,29.735,0,no,northwest,1769.53165
36,46.53,2,no,southeast,4686.3887
37,37.4,0,no,southwest,21797.0004
38,30.14,2,no,southeast,11881.9696
39,30.495,0,no,northwest,11840.77505
40,39.6,0,no,southwest,10601.412
41,33.0,3,no,southeast,7682.67
42,36.63,3,no,southeast,10381.4787
43,30.0,0,yes,southwest,22144.032
44,38.095,2,no,northeast,15230.32405
45,25.935,0,no,northeast,11165.41765
46,25.175,0,no,northwest,1632.03625
47,28.38,1,yes,southeast,19521.9682
48,28.7,1,no,southwest,13224.693
49,33.82,2,no,northwest,12643.3778
50,24.32,1,no,northeast,23288.9284
51,24.09,1,no,southeast,2201.0971
52,32.67,0,no,southeast,2497.0383
53,30.115,0,no,northeast,2203.47185
54,29.8,0,no,southwest,1744.465
55,33.345,0,no,northeast,20878.78443
56,25.1,3,yes,southwest,25382.297
57,28.31,1,yes,northwest,28868.6639
58,28.5,0,yes,northeast,35147.52848
59,35.625,0,no,northwest,2534.39375
60,36.85,0,no,southeast,1534.3045
61,32.56,0,no,southeast,1824.2854
62,41.325,3,no,northwest,15555.18875
63,37.51,2,no,southeast,9304.7019
64,31.35,0,no,southeast,1622.1885
65,39.5,1,no,southwest,9880.068
66,34.3,3,no,southwest,9563.029
67,31.065,0,no,northeast,4347.02335
68,21.47,3,no,northwest,12475.3513
69,28.7,0,no,southwest,1253.936
70,38.06,0,yes,southeast,48885.13561
71,31.16,1,no,northwest,10461.9794
72,32.9,0,no,southwest,1748.774
73,25.08,0,no,southeast,24513.09126
74,25.08,0,no,northeast,2196.4732
75,43.4,0,no,southwest,12574.049
76,25.7,4,yes,southwest,17942.106
77,27.93,0,no,northeast,1967.0227
78,23.6,2,no,southwest,4931.647
79,28.7,2,no,southwest,8027.968
80,23.98,2,no,southeast,8211.1002
81,39.2,0,no,southwest,13470.86
82,34.4,0,yes,southwest,36197.699
83,26.03,0,no,northeast,6837.3687
84,23.21,1,yes,southeast,22218.1149
85,30.25,0,yes,southeast,32548.3405
86,28.93,1,no,southeast,5974.3847
87,30.875,3,no,northwest,6796.86325
88,31.35,1,no,northwest,2643.2685
89,23.75,2,no,northwest,3077.0955
90,25.27,0,no,northeast,3044.2133
91,28.7,0,no,southwest,11455.28
92,32.11,1,no,northeast,11763.0009
93,33.66,0,no,southeast,2498.4144
94,22.42,0,no,northeast,9361.3268
95,30.4,0,no,southwest,1256.299
96,28.3,1,yes,southwest,21082.16
97,35.7,0,no,southwest,11362.755
98,35.31,1,no,southeast,27724.28875
99,30.495,2,no,northwest,8413.46305
100,31.0,1,no,southwest,5240.765
101,30.875,0,no,northeast,3857.75925
102,27.36,0,no,northeast,25656.57526
103,44.22,0,no,southeast,3994.1778
104,33.915,0,no,northeast,9866.30485
105,37.73,0,no,southeast,5397.6167
106,26.07,1,yes,southeast,38245.59327
107,33.88,0,no,southeast,11482.63485
108,30.59,2,no,northwest,24059.68019
109,25.8,1,no,southwest,9861.025
110,39.425,1,no,northeast,8342.90875
111,25.46,0,no,northeast,1708.0014
112,42.13,1,yes,southeast,48675.5177
113,31.73,0,no,northeast,14043.4767
114,29.7,2,no,southeast,12925.886
115,36.19,0,no,southeast,19214.70553
116,40.48,0,no,southeast,13831.1152
117,28.025,1,no,northeast,6067.12675
118,38.9,3,no,southwest,5972.378
119,30.2,2,no,southwest,8825.086
120,28.05,1,no,southeast,8233.0975
121,31.35,0,no,southeast,27346.04207
122,38.0,3,no,southwest,6196.448
123,31.79,2,no,southeast,3056.3881
124,36.3,0,no,southeast,13887.204
125,47.41,0,yes,southeast,63770.42801
126,30.21,0,no,northwest,10231.4999
127,25.84,2,yes,northwest,23807.2406
128,35.435,0,no,northeast,3268.84665
129,46.7,2,no,southwest,11538.421
130,28.595,0,no,northeast,3213.62205
131,46.2,0,yes,southeast,45863.205
132,30.8,0,no,southwest,13390.559
133,28.93,0,no,southeast,3972.9247
134,21.4,0,no,southwest,12957.118
135,31.73,2,no,northwest,11187.6567
136,41.325,0,no,northeast,17878.90068
137,23.8,2,no,southwest,3847.674
138,33.44,1,no,northeast,8334.5896
139,34.21,0,no,southeast,3935.1799
140,34.105,3,yes,northwest,39983.42595
141,35.53,0,no,northwest,1646.4297
142,19.95,2,no,northwest,9193.8385
143,32.68,0,no,northeast,10923.9332
144,30.5,0,no,southwest,2494.022
145,44.77,1,no,southeast,9058.7303
146,32.12,2,no,southeast,2801.2588
147,30.495,0,no,northwest,2128.43105
148,40.565,1,no,northwest,6373.55735
149,30.59,2,no,northwest,7256.7231
150,31.9,5,no,southwest,11552.904
151,40.565,2,yes,northwest,45702.02235
152,29.1,0,no,southwest,3761.292
153,37.29,1,no,southeast,2219.4451
154,43.12,2,no,southeast,4753.6368
155,36.86,1,no,northeast,31620.00106
156,34.295,2,no,northeast,13224.05705
157,27.17,0,no,northwest,12222.8983
158,26.84,0,no,southeast,1664.9996
159,38.095,1,yes,northeast,58571.07448
160,30.2,1,no,southwest,9724.53
161,23.465,0,no,northeast,3206.49135
162,25.46,1,no,northeast,12913.9924
163,30.59,0,no,northwest,1639.5631
164,45.43,2,no,southeast,6356.2707
165,23.65,1,no,southeast,17626.23951
166,20.7,0,no,southwest,1242.816
167,28.27,1,no,southeast,4779.6023
168,20.235,3,no,northeast,3861.20965
169,30.21,1,yes,northwest,43943.8761
170,35.91,0,no,northeast,13635.6379
171,30.69,1,no,southeast,5976.8311
172,29.0,0,no,southwest,11842.442
173,19.57,1,no,northwest,8428.0693
174,31.13,2,no,southeast,2566.4707
175,21.85,1,yes,northeast,15359.1045
176,40.26,0,no,southeast,5709.1644
177,33.725,1,no,northeast,8823.98575
178,29.48,2,no,southeast,7640.3092
179,33.25,1,no,northeast,5594.8455
180,32.6,2,no,southwest,7441.501
181,37.525,2,no,northwest,33471.97189
182,39.16,0,no,southeast,1633.0444
183,31.635,0,no,northwest,9174.13565
184,25.3,0,no,southwest,11070.535
185,39.05,3,no,southeast,16085.1275
186,28.31,0,yes,northwest,17468.9839
187,34.1,0,no,southeast,9283.562
188,25.175,0,no,northeast,3558.62025
189,23.655,0,yes,northwest,25678.77845
190,26.98,2,no,northeast,4435.0942
191,37.8,2,yes,southwest,39241.442
192,29.37,1,no,southeast,8547.6913
193,34.8,2,no,southwest,6571.544
194,33.155,0,no,northeast,2207.69745
195,19.0,3,no,northeast,6753.038
196,33.0,0,no,southeast,1880.07
197,36.63,1,yes,southeast,42969.8527
198,28.595,0,no,northeast,11658.11505
199,25.6,2,yes,southwest,23306.547
200,33.11,0,yes,southeast,34439.8559
201,37.1,0,no,southwest,10713.644
202,31.4,1,no,southwest,3659.346
203,34.1,4,yes,southwest,40182.246
204,21.3,1,no,southwest,9182.17
205,33.535,0,yes,northeast,34617.84065
206,28.785,0,no,northwest,12129.61415
207,26.03,0,no,northwest,3736.4647
208,28.88,3,no,northeast,6748.5912
209,42.46,1,no,southeast,11326.71487
210,38.0,0,no,southwest,11365.952
211,38.95,0,yes,northwest,42983.4585
212,36.1,1,no,southwest,10085.846
213,29.3,0,no,southwest,1977.815
214,35.53,0,no,southeast,3366.6697
215,22.705,2,no,northeast,7173.35995
216,39.7,1,no,southwest,9391.346
217,38.19,0,no,northeast,14410.9321
218,24.51,1,no,northwest,2709.1119
219,38.095,2,no,northeast,24915.04626
220,26.41,0,yes,northeast,20149.3229
221,33.66,4,no,southeast,12949.1554
222,42.4,5,no,southwest,6666.243
223,28.31,3,yes,northwest,32787.45859
224,33.915,0,no,northeast,13143.86485
225,34.96,3,no,northwest,4466.6214
226,35.31,2,no,southeast,18806.14547
227,30.78,3,no,northeast,10141.1362
228,26.22,1,no,northwest,6123.5688
229,23.37,3,no,northeast,8252.2843
230,28.5,0,no,northeast,1712.227
231,32.965,0,no,northeast,12430.95335
232,42.68,2,no,southeast,9800.8882
233,39.6,1,no,southeast,10579.711
234,31.13,0,no,southeast,8280.6227
235,36.3,2,no,southeast,8527.532
236,35.2,0,no,southeast,12244.531
237,25.3,2,yes,southeast,24667.419
238,42.4,1,no,southwest,3410.324
239,33.155,2,no,northwest,4058.71245
240,35.91,1,no,northeast,26392.26029
241,28.785,4,no,northeast,14394.39815
242,46.53,3,no,southeast,6435.6237
243,23.98,1,no,southeast,22192.43711
244,31.54,1,no,northeast,5148.5526
245,33.66,0,no,southeast,1136.3994
246,22.99,0,yes,southeast,27037.9141
247,38.06,2,yes,southeast,42560.4304
248,28.7,1,no,southwest,8703.456
249,32.775,2,yes,northwest,40003.33225
250,32.015,0,yes,northeast,45710.20785
251,29.81,1,no,southeast,6500.2359
252,31.57,3,no,southeast,4837.5823
253,31.16,0,no,northeast,3943.5954
254,29.7,0,no,southeast,4399.731
255,31.02,0,no,southeast,6185.3208
256,43.89,2,yes,southeast,46200.9851
257,21.375,0,no,northwest,7222.78625
258,40.81,3,no,southeast,12485.8009
259,31.35,3,yes,northwest,46130.5265
260,36.1,3,no,southwest,12363.547
261,23.18,2,no,northwest,10156.7832
262,17.4,1,no,southwest,2585.269
263,20.3,0,no,southwest,1242.26
264,35.3,2,yes,southwest,40103.89
265,24.32,0,no,northwest,9863.4718
266,18.5,1,no,southwest,4766.022
267,26.41,2,no,northeast,11244.3769
268,26.125,2,no,northeast,7729.64575
269,41.69,0,no,southeast,5438.7491
270,24.1,1,no,southwest,26236.57997
271,31.13,1,yes,southeast,34806.4677
272,27.36,0,no,northeast,2104.1134
273,36.2,1,no,southwest,8068.185
274,32.395,1,no,northwest,2362.22905
275,23.655,0,no,northwest,2352.96845
276,34.8,1,no,southwest,3577.999
277,40.185,0,no,northwest,3201.24515
278,32.3,2,no,northeast,29186.48236
279,35.75,1,yes,southeast,40273.6455
280,33.725,0,no,northwest,10976.24575
281,39.27,2,no,southeast,3500.6123
282,34.87,0,no,southeast,2020.5523
283,44.745,0,no,northeast,9541.69555
284,41.47,0,no,southeast,9504.3103
285,26.41,1,no,northwest,5385.3379
286,29.545,1,no,northwest,8930.93455
287,32.9,2,no,southwest,5375.038
288,38.06,0,yes,southeast,44400.4064
289,28.69,3,no,northwest,10264.4421
290,30.495,3,no,northeast,6113.23105
291,27.74,0,no,northeast,5469.0066
292,35.2,1,no,southeast,1727.54
293,23.54,2,no,southeast,10107.2206
294,30.685,2,no,northwest,8310.83915
295,40.47,0,no,northeast,1984.4533
296,22.6,0,no,southwest,2457.502
297,28.9,0,no,southwest,12146.971
298,22.61,1,no,northwest,9566.9909
299,24.32,1,no,northwest,13112.6048
300,36.67,2,no,northwest,10848.1343
301,33.44,0,no,northwest,12231.6136
302,40.66,0,no,northeast,9875.6804
303,36.6,3,no,southwest,11264.541
304,37.4,0,no,southwest,12979.358
305,35.4,0,no,southwest,1263.249
306,27.075,1,no,northeast,10106.13425
307,39.05,3,yes,southeast,40932.4295
308,28.405,1,no,northwest,6664.68595
309,21.755,1,yes,northeast,16657.71745
310,40.28,0,no,northeast,2217.6012
311,36.08,1,no,southeast,6781.3542
312,24.42,3,yes,southeast,19361.9988
313,21.4,1,no,southwest,10065.413
314,30.1,3,no,southwest,4234.927
315,27.265,1,no,northeast,9447.25035
316,32.1,3,no,southwest,14007.222
317,34.77,1,no,northwest,9583.8933
318,38.39,0,yes,southeast,40419.0191
319,23.7,2,no,southwest,3484.331
320,31.73,3,yes,northeast,36189.1017
321,35.5,2,yes,southwest,44585.45587
322,24.035,2,no,northeast,8604.48365
323,29.15,0,yes,southeast,18246.4955
324,34.105,0,yes,northeast,43254.41795
325,26.62,0,no,southeast,3757.8448
326,26.41,0,no,northwest,8827.2099
327,30.115,1,no,northwest,9910.35985
328,27.0,2,no,southwest,11737.84884
329,21.755,0,no,northwest,1627.28245
330,36.0,1,no,southwest,8556.907
331,30.875,0,no,northwest,3062.50825
332,26.4,0,yes,southeast,19539.243
333,28.975,0,no,northwest,1906.35825
334,37.905,0,no,northwest,14210.53595
335,22.77,0,no,southeast,11833.7823
336,33.63,4,no,northeast,17128.42608
337,27.645,2,no,northeast,5031.26955
338,22.8,3,no,northeast,7985.815
339,27.83,0,yes,southeast,23065.4207
340,37.43,3,no,northeast,5428.7277
341,38.17,0,yes,southeast,36307.7983
342,34.58,2,no,northeast,3925.7582
343,35.2,1,no,southwest,2416.955
344,27.1,1,yes,southwest,19040.876
345,26.03,0,no,northeast,3070.8087
346,25.175,2,no,northeast,9095.06825
347,31.825,0,no,northwest,11842.62375
348,32.3,1,no,southwest,8062.764
349,29.0,1,no,southwest,7050.642
350,39.7,0,no,southwest,14319.031
351,19.475,2,no,northwest,6933.24225
352,36.1,3,no,southwest,27941.28758
353,26.7,2,no,southwest,11150.78
354,36.48,0,no,northeast,12797.20962
355,28.88,0,yes,northwest,17748.5062
356,34.2,2,no,northwest,7261.741
357,33.33,3,no,southeast,10560.4917
358,32.3,2,no,northwest,6986.697
359,39.805,0,no,northeast,7448.40395
360,34.32,3,no,southeast,5934.3798
361,28.88,0,no,northwest,9869.8102
362,24.4,3,yes,southwest,18259.216
363,41.14,0,no,southeast,1146.7966
364,35.97,1,no,southeast,9386.1613
365,27.6,1,yes,southwest,24520.264
366,29.26,1,no,southeast,4350.5144
367,27.7,3,no,southwest,6414.178
368,36.955,0,no,northeast,12741.16745
369,36.86,0,no,northwest,1917.3184
370,22.515,3,no,northeast,5209.57885
371,29.92,0,no,southeast,13457.9608
372,41.8,0,no,southeast,5662.225
373,27.6,0,no,southwest,1252.407
374,23.18,0,no,northeast,2731.9122
375,20.9,0,yes,southeast,21195.818
376,31.92,2,no,northwest,7209.4918
377,28.5,0,yes,northwest,18310.742
378,44.22,2,no,southeast,4266.1658
379,22.895,1,no,northeast,4719.52405
380,33.1,0,no,southwest,11848.141
381,24.795,0,yes,northeast,17904.52705
382,26.18,1,no,southeast,7046.7222
383,35.97,0,no,southeast,14313.8463
384,22.3,1,no,southwest,2103.08
385,42.24,0,yes,southeast,38792.6856
386,26.51,0,no,southeast,1815.8759
387,35.815,0,no,northwest,7731.85785
388,41.42,1,no,northwest,28476.73499
389,36.575,0,no,northwest,2136.88225
390,30.14,0,no,southeast,1131.5066
391,25.84,1,no,northeast,3309.7926
392,30.8,3,no,southwest,9414.92
393,42.94,3,no,northwest,6360.9936
394,21.01,2,no,southeast,11013.7119
395,22.515,2,no,northeast,4428.88785
396,34.43,2,no,southeast,5584.3057
397,31.46,0,no,southeast,1877.9294
398,24.225,0,no,northwest,2842.76075
399,37.1,3,no,southwest,3597.596
400,26.125,1,yes,northeast,23401.30575
401,35.53,0,yes,northwest,55135.40209
402,33.7,1,no,southwest,7445.918
403,17.67,0,no,northwest,2680.9493
404,31.13,0,no,southeast,1621.8827
405,29.81,2,no,southeast,8219.2039
406,24.32,0,no,northwest,12523.6048
407,31.825,2,no,northeast,16069.08475
408,31.79,2,yes,southeast,43813.8661
409,28.025,1,yes,northeast,20773.62775
410,30.78,3,yes,northeast,39597.4072
411,21.85,1,no,northwest,6117.4945
412,33.1,0,no,southwest,13393.756
413,25.84,0,no,northwest,5266.3656
414,23.845,2,no,northwest,4719.73655
415,34.39,0,no,northwest,11743.9341
416,33.82,1,no,northwest,5377.4578
417,35.97,2,no,southeast,7160.3303
418,31.5,0,no,southwest,4402.233
419,28.31,0,no,northeast,11657.7189
420,23.465,2,no,northeast,6402.29135
421,31.35,0,no,northwest,12622.1795
422,31.1,0,no,southwest,1526.312
423,24.7,0,no,northeast,12323.936
424,32.78,2,yes,southeast,36021.0112
425,29.81,0,yes,southeast,27533.9129
426,30.495,0,no,northeast,10072.05505
427,32.45,0,yes,southeast,45008.9555
428,34.2,1,no,southwest,9872.701
429,50.38,1,no,southeast,2438.0552
430,24.1,0,no,southwest,2974.126
431,32.775,0,no,northwest,10601.63225
432,30.78,0,yes,northeast,37270.1512
433,32.3,2,no,northwest,14119.62
434,35.53,0,yes,northeast,42111.6647
435,23.75,2,no,northeast,11729.6795
436,23.845,3,yes,northeast,24106.91255
437,29.6,0,no,southwest,1875.344
438,33.11,0,yes,southeast,40974.1649
439,24.13,0,yes,northwest,15817.9857
440,32.23,1,no,southeast,18218.16139
441,28.1,0,no,southwest,10965.446
442,47.6,2,yes,southwest,46113.511
443,28.0,3,no,southwest,7151.092
444,33.535,2,no,northwest,12269.68865
445,19.855,0,no,northeast,5458.04645
446,25.4,0,no,southwest,8782.469
447,29.9,2,no,southwest,6600.361
448,37.29,0,no,southeast,1141.4451
449,43.7,1,no,southwest,11576.13
450,23.655,0,no,northeast,13129.60345
451,24.3,3,no,southwest,4391.652
452,36.2,0,no,southwest,8457.818
453,29.48,1,no,southeast,3392.3652
454,24.86,0,no,southeast,5966.8874
455,30.1,1,no,southwest,6849.026
456,21.85,3,no,northeast,8891.1395
457,28.12,0,no,northwest,2690.1138
458,27.1,1,no,southwest,26140.3603
459,33.44,5,no,southeast,6653.7886
460,28.8,1,no,southwest,6282.235
461,29.5,2,no,southwest,6311.952
462,34.8,3,no,southwest,3443.064
463,27.36,1,no,northwest,2789.0574
464,22.135,0,no,northeast,2585.85065
465,37.05,3,yes,northeast,46255.1125
466,26.695,4,no,northwest,4877.98105
467,28.93,1,yes,southeast,19719.6947
468,28.975,0,yes,northeast,27218.43725
469,30.02,0,no,northwest,5272.1758
470,39.5,0,no,southwest,1682.597
471,33.63,1,no,northwest,11945.1327
472,26.885,0,yes,northwest,29330.98315
473,29.04,4,no,southeast,7243.8136
474,24.035,0,no,northeast,10422.91665
475,38.94,2,yes,southeast,44202.6536
476,32.11,0,no,northeast,13555.0049
477,44.0,0,no,southwest,13063.883
478,20.045,2,yes,northeast,19798.05455
479,25.555,1,no,northwest,2221.56445
480,40.26,0,no,southeast,1634.5734
481,22.515,0,no,northwest,2117.33885
482,22.515,0,no,northeast,8688.85885
483,40.92,0,yes,southeast,48673.5588
484,27.265,3,no,northeast,4661.28635
485,36.85,0,no,southeast,8125.7845
486,35.1,0,no,southwest,12644.589
487,29.355,2,no,northeast,4564.19145
488,32.585,3,no,northeast,4846.92015
489,32.34,1,no,southeast,7633.7206
490,39.8,3,no,southwest,15170.069
491,24.6,0,yes,southwest,17496.306
492,28.31,1,no,northwest,2639.0429
493,31.73,0,yes,northeast,33732.6867
494,26.695,3,no,northwest,14382.70905
495,27.5,1,no,southwest,7626.993
496,24.605,2,no,northwest,5257.50795
497,33.99,0,no,southeast,2473.3341
498,26.885,0,yes,northwest,21774.32215
499,22.895,0,yes,northeast,35069.37452
500,28.2,0,no,southwest,13041.921
501,34.21,1,no,southeast,5245.2269
502,25.0,0,no,southwest,13451.122
503,33.2,0,no,southwest,13462.52
504,31.0,1,no,southwest,5488.262
505,35.815,0,no,northwest,4320.41085
506,23.2,0,no,southwest,6250.435
507,32.11,2,no,northeast,25333.33284
508,23.4,2,no,southwest,2913.569
509,20.1,1,no,southwest,12032.326
510,39.16,0,no,southeast,13470.8044
511,34.21,1,no,southeast,6289.7549
512,46.53,1,no,southeast,2927.0647
513,32.5,1,no,southwest,6238.298
514,25.8,5,no,southwest,10096.97
515,35.3,0,no,southwest,7348.142
516,37.18,2,no,southeast,4673.3922
517,27.5,0,no,southwest,12233.828
518,29.735,2,no,northeast,32108.66282
519,24.225,5,no,northwest,8965.79575
520,26.18,2,no,southeast,2304.0022
521,29.48,0,no,southeast,9487.6442
522,23.21,0,no,southeast,1121.8739
523,46.09,1,no,southeast,9549.5651
524,40.185,0,no,northeast,2217.46915
525,22.61,0,no,northwest,1628.4709
526,39.93,0,no,southeast,12982.8747
527,35.8,1,no,southwest,11674.13
528,35.8,2,no,southwest,7160.094
529,34.2,1,yes,northeast,39047.285
530,31.255,0,no,northwest,6358.77645
531,29.7,3,yes,southwest,19933.458
532,18.335,0,no,northeast,11534.87265
533,42.9,2,yes,southeast,47462.894
534,28.405,1,no,northwest,4527.18295
535,30.2,2,yes,southwest,38998.546
536,27.835,1,yes,northwest,20009.63365
537,39.49,1,no,southeast,3875.7341
538,30.8,1,yes,southeast,41999.52
539,26.79,1,no,northwest,12609.88702
540,34.96,1,yes,northeast,41034.2214
541,36.67,1,no,northwest,28468.91901
542,39.615,1,no,northwest,2730.10785
543,25.9,0,no,southwest,3353.284
544,35.2,1,no,southeast,14474.675
545,24.795,3,no,northeast,9500.57305
546,36.765,2,no,northwest,26467.09737
547,27.1,1,no,southwest,4746.344
548,24.795,2,yes,northwest,23967.38305
549,25.365,1,no,northwest,7518.02535
550,25.745,2,no,northeast,3279.86855
551,34.32,5,no,southeast,8596.8278
552,28.16,3,no,southeast,10702.6424
553,23.56,0,no,northeast,4992.3764
554,20.235,0,no,northwest,2527.81865
555,40.5,0,no,southwest,1759.338
556,35.42,0,no,southeast,2322.6218
557,22.895,0,yes,northeast,16138.76205
558,40.15,0,no,southeast,7804.1605
559,29.15,1,no,southeast,2902.9065
560,39.995,3,no,northeast,9704.66805
561,29.92,0,no,southeast,4889.0368
562,25.46,1,no,northeast,25517.11363
563,21.375,0,no,northeast,4500.33925
564,25.9,3,yes,southwest,19199.944
565,30.59,1,no,northeast,16796.41194
566,30.115,5,no,northeast,4915.05985
567,25.8,1,no,southwest,7624.63
568,30.115,3,no,northwest,8410.04685
569,27.645,1,no,northwest,28340.18885
570,34.675,0,no,northeast,4518.82625
571,20.52,0,yes,northeast,14571.8908
572,19.8,1,no,southwest,3378.91
573,27.835,2,no,northeast,7144.86265
574,31.6,2,no,southwest,10118.424
575,28.27,1,no,southeast,5484.4673
576,20.045,3,yes,northwest,16420.49455
577,23.275,3,no,northeast,7986.47525
578,34.1,3,no,southwest,7418.522
579,36.85,0,no,southeast,13887.9685
580,36.29,3,no,northeast,6551.7501
581,26.885,0,no,northwest,5267.81815
582,22.99,2,yes,northwest,17361.7661
583,32.7,0,yes,southwest,34472.841
584,25.8,0,no,southwest,1972.95
585,29.6,0,no,southwest,21232.18226
586,19.19,1,no,northeast,8627.5411
587,31.73,2,no,northwest,4433.3877
588,29.26,2,no,northeast,4438.2634
589,28.215,3,yes,northwest,24915.22085
590,24.985,2,no,northeast,23241.47453
591,27.74,1,no,northeast,9957.7216
592,22.8,0,no,southwest,8269.044
593,20.13,2,yes,southeast,18767.7377
594,33.33,4,no,southeast,36580.28216
595,32.3,1,no,northwest,8765.249
596,27.6,0,no,southwest,5383.536
597,25.46,0,no,northwest,12124.9924
598,24.605,1,no,northwest,2709.24395
599,34.2,2,no,southwest,3987.926
600,35.815,3,no,northwest,12495.29085
601,32.68,2,no,northwest,26018.95052
602,37.0,0,no,southwest,8798.593
603,31.02,3,yes,southeast,35595.5898
604,36.08,1,yes,southeast,42211.1382
605,23.32,1,no,southeast,1711.0268
606,45.32,1,no,southeast,8569.8618
607,34.6,0,no,southwest,2020.177
608,26.03,1,yes,northwest,16450.8947
609,18.715,0,no,northwest,21595.38229
610,31.6,0,no,southwest,9850.432
611,17.29,2,no,northeast,6877.9801
612,23.655,1,yes,northwest,21677.28345
613,35.2,0,yes,southeast,44423.803
614,27.93,0,no,northeast,4137.5227
615,21.565,0,yes,northeast,13747.87235
616,38.38,0,no,northwest,12950.0712
617,23.0,3,no,southwest,12094.478
618,37.07,2,yes,southeast,37484.4493
619,30.495,1,yes,northwest,39725.51805
620,28.88,0,no,northeast,2250.8352
621,27.265,2,no,northwest,22493.65964
622,28.025,0,yes,northwest,20234.85475
623,23.085,0,no,northeast,1704.70015
624,30.685,0,yes,northeast,33475.81715
625,25.8,0,no,southwest,3161.454
626,35.245,1,no,northeast,11394.06555
627,24.7,2,yes,northwest,21880.82
628,25.08,0,no,northeast,7325.0482
629,52.58,1,yes,southeast,44501.3982
630,22.515,1,no,northwest,3594.17085
631,30.9,0,yes,southwest,39727.614
632,36.955,1,no,northwest,8023.13545
633,26.41,0,no,northeast,14394.5579
634,29.83,1,no,northeast,9288.0267
635,29.8,3,yes,southwest,25309.489
636,21.47,0,no,northwest,3353.4703
637,27.645,0,no,northwest,10594.50155
638,28.9,0,no,southwest,8277.523
639,31.79,0,no,southeast,17929.30337
640,39.49,0,no,southeast,2480.9791
641,33.82,1,no,northwest,4462.7218
642,32.01,0,no,southeast,1981.5819
643,27.94,1,no,southeast,11554.2236
644,41.14,1,yes,southeast,48970.2476
645,28.595,3,no,northwest,6548.19505
646,25.6,4,no,southwest,5708.867
647,25.3,1,no,southwest,7045.499
648,37.29,2,no,southeast,8978.1851
649,42.655,0,no,northeast,5757.41345
650,21.66,1,no,northwest,14349.8544
651,31.9,1,no,southeast,10928.849
652,37.07,1,yes,southeast,39871.7043
653,31.445,0,no,northeast,13974.45555
654,31.255,0,no,northwest,1909.52745
655,28.88,2,no,northeast,12096.6512
656,18.335,0,no,northeast,13204.28565
657,29.59,1,no,southeast,4562.8421
658,32.0,1,no,southwest,8551.347
659,26.03,0,no,northeast,2102.2647
660,31.68,0,yes,southeast,34672.1472
661,33.66,3,no,southeast,15161.5344
662,21.78,2,no,southeast,11884.04858
663,27.835,1,no,northwest,4454.40265
664,19.95,1,no,northwest,5855.9025
665,31.5,1,no,southwest,4076.497
666,30.495,2,no,northwest,15019.76005
667,18.3,5,yes,southwest,19023.26
668,28.975,0,no,northeast,10796.35025
669,31.54,0,no,northwest,11353.2276
670,47.74,1,no,southeast,9748.9106
671,22.1,0,no,southwest,10577.087
672,36.19,0,yes,southeast,41676.0811
673,29.83,0,no,northeast,11286.5387
674,32.7,3,no,southwest,3591.48
675,30.4,0,yes,northwest,33907.548
676,33.7,4,no,southwest,11299.343
677,31.35,4,no,northeast,4561.1885
678,34.96,2,yes,northeast,44641.1974
679,33.77,0,no,southeast,1674.6323
680,30.875,0,no,northeast,23045.56616
681,33.99,1,no,southeast,3227.1211
682,19.095,2,yes,northeast,16776.30405
683,28.6,3,no,southwest,11253.421
684,38.94,1,no,southeast,3471.4096
685,36.08,0,no,southeast,11363.2832
686,29.8,0,no,southwest,20420.60465
687,31.24,0,no,southeast,10338.9316
688,29.925,0,no,northwest,8988.15875
689,26.22,2,no,northwest,10493.9458
690,30.0,1,no,southwest,2904.088
691,20.35,3,no,southeast,8605.3615
692,32.3,1,no,northeast,11512.405
693,38.39,3,yes,southeast,41949.2441
694,25.85,3,yes,southeast,24180.9335
695,26.315,3,no,northwest,5312.16985
696,24.51,0,no,northeast,2396.0959
697,32.67,1,no,southeast,10807.4863
698,29.64,5,no,northeast,9222.4026
699,33.33,2,yes,southeast,36124.5737
700,35.75,1,yes,southeast,38282.7495
701,19.95,3,no,northwest,5693.4305
702,31.4,0,yes,southwest,34166.273
703,38.17,2,no,southeast,8347.1643
704,36.86,3,yes,northwest,46661.4424
705,32.395,1,no,northeast,18903.49141
706,42.75,1,yes,northeast,40904.1995
707,25.08,0,no,northwest,14254.6082
708,29.9,0,no,southwest,10214.636
709,35.86,2,no,southeast,5836.5204
710,32.8,1,no,southwest,14358.36437
711,18.6,0,no,southwest,1728.897
712,23.87,5,no,southeast,8582.3023
713,45.9,2,no,southwest,3693.428
714,40.28,0,no,northeast,20709.02034
715,18.335,0,no,northwest,9991.03765
716,33.82,0,no,northwest,19673.33573
717,28.12,3,no,northwest,11085.5868
718,25.0,1,no,southwest,7623.518
719,22.23,0,no,northwest,3176.2877
720,30.25,0,no,southeast,3704.3545
721,32.49,0,yes,northwest,36898.73308
722,37.07,1,no,southeast,9048.0273
723,32.6,3,no,southwest,7954.517
724,24.86,0,no,southeast,27117.99378
725,32.34,2,no,southeast,6338.0756
726,32.3,2,no,southwest,9630.397
727,32.775,3,no,northwest,11289.10925
728,32.8,0,yes,southwest,52590.82939
729,31.92,0,no,northwest,2261.5688
730,21.5,1,no,southwest,10791.96
731,34.1,0,no,southwest,5979.731
732,30.305,0,no,northeast,2203.73595
733,36.48,0,no,northwest,12235.8392
734,32.56,3,yes,southeast,40941.2854
735,35.815,1,no,northwest,5630.45785
736,27.93,4,no,northwest,11015.1747
737,22.135,3,no,northeast,7228.21565
738,44.88,0,yes,southeast,39722.7462
739,23.18,2,no,northwest,14426.07385
740,30.59,0,no,northeast,2459.7201
741,41.1,0,no,southwest,3989.841
742,34.58,1,no,northwest,7727.2532
743,42.13,2,no,southeast,5124.1887
744,38.83,1,no,southeast,18963.17192
745,28.215,0,no,northeast,2200.83085
746,28.31,1,no,northwest,7153.5539
747,26.125,0,no,northeast,5227.98875
748,40.37,0,no,southeast,10982.5013
749,24.6,2,no,southwest,4529.477
750,35.2,2,no,southwest,4670.64
751,34.105,1,no,northwest,6112.35295
752,27.36,1,yes,northeast,17178.6824
753,26.7,2,yes,southwest,22478.6
754,41.91,0,no,southeast,11093.6229
755,29.26,2,no,northwest,6457.8434
756,32.11,2,no,northwest,4433.9159
757,27.1,0,no,southwest,2154.361
758,24.13,1,yes,northwest,23887.6627
759,27.4,1,no,southwest,6496.886
760,34.865,0,no,northeast,2899.48935
761,29.81,0,yes,southeast,19350.3689
762,41.325,1,no,northeast,7650.77375
763,29.925,0,no,northwest,2850.68375
764,30.3,0,no,southwest,2632.992
765,27.36,1,no,northeast,9447.3824
766,28.49,1,yes,southeast,18328.2381
767,23.56,2,no,northeast,8603.8234
768,35.625,3,yes,northwest,37465.34375
769,32.68,0,no,northwest,13844.7972
770,25.27,1,yes,northeast,21771.3423
771,28.0,0,no,southwest,13126.67745
772,32.775,2,no,northwest,5327.40025
773,21.755,1,no,northeast,13725.47184
774,32.395,1,no,northeast,13019.16105
775,36.575,0,no,northwest,8671.19125
776,21.755,0,no,northwest,4134.08245
777,27.93,3,no,northwest,18838.70366
778,30.02,0,yes,northwest,33307.5508
779,33.55,0,no,southeast,5699.8375
780,29.355,1,no,northwest,6393.60345
781,25.8,2,no,southwest,4934.705
782,24.32,2,no,northwest,6198.7518
783,40.375,2,no,northwest,8733.22925
784,32.11,0,no,northwest,2055.3249
785,32.3,1,no,northeast,9964.06
786,27.28,3,yes,southeast,18223.4512
787,17.86,1,no,northwest,5116.5004
788,34.8,2,no,southwest,36910.60803
789,33.4,2,yes,southwest,38415.474
790,25.555,1,yes,northeast,20296.86345
791,37.1,1,no,southwest,12347.172
792,30.875,1,no,northwest,5373.36425
793,34.1,2,no,southeast,23563.01618
794,21.47,0,no,northeast,1702.4553
795,33.3,2,no,southwest,10806.839
796,31.255,1,no,northwest,3956.07145
797,39.14,0,no,northeast,12890.05765
798,25.08,0,no,southeast,5415.6612
799,37.29,2,no,southeast,4058.1161
800,34.6,1,yes,southwest,41661.602
801,30.21,3,no,northwest,7537.1639
802,21.945,1,no,northeast,4718.20355
803,24.97,2,no,southeast,6593.5083
804,25.3,0,no,southeast,8442.667
805,24.42,0,yes,southeast,26125.67477
806,23.94,1,no,northeast,6858.4796
807,39.82,1,no,southeast,4795.6568
808,16.815,2,no,northeast,6640.54485
809,37.18,2,no,southeast,7162.0122
810,34.43,0,no,southeast,10594.2257
811,30.305,0,no,northeast,11938.25595
812,34.485,3,yes,northwest,60021.39897
813,21.8,0,yes,southwest,20167.33603
814,24.605,3,no,northwest,12479.70895
815,23.3,0,no,southwest,11345.519
816,27.83,2,no,southeast,8515.7587
817,31.065,0,no,northwest,2699.56835
818,21.66,0,no,northeast,14449.8544
819,28.215,0,no,northwest,12224.35085
820,22.705,3,no,northeast,6985.50695
821,42.13,1,no,southeast,3238.4357
822,41.8,2,yes,southeast,47269.854
823,36.96,2,yes,southeast,49577.6624
824,21.28,3,no,northwest,4296.2712
825,33.11,0,no,southeast,3171.6149
826,33.33,0,no,southeast,1135.9407
827,24.3,5,no,southwest,5615.369
828,25.7,3,no,southwest,9101.798
829,29.4,4,no,southwest,6059.173
830,39.82,0,no,southeast,1633.9618
831,33.63,1,yes,northeast,37607.5277
832,29.83,0,yes,northeast,18648.4217
833,19.8,0,no,southwest,1241.565
834,27.3,0,yes,southwest,16232.847
835,29.3,4,no,southwest,15828.82173
836,27.72,0,no,southeast,4415.1588
837,37.9,0,no,southwest,6474.013
838,36.385,3,no,northwest,11436.73815
839,27.645,1,no,northwest,11305.93455
840,37.715,3,no,northwest,30063.58055
841,23.18,0,no,northeast,10197.7722
842,20.52,0,no,northeast,4544.2348
843,37.1,1,no,southwest,3277.161
844,28.05,1,no,southeast,6770.1925
845,29.9,1,no,southwest,7337.748
846,33.345,2,no,northeast,10370.91255
847,23.76,0,yes,southeast,26926.5144
848,30.5,0,no,southwest,10704.47
849,31.065,0,yes,northeast,34254.05335
850,33.3,0,no,southwest,1880.487
851,27.5,3,no,southwest,8615.3
852,33.915,1,no,northwest,3292.52985
853,34.485,0,no,northwest,3021.80915
854,25.52,5,no,southeast,14478.33015
855,27.61,1,no,southeast,4747.0529
856,27.06,0,yes,southeast,17043.3414
857,23.7,0,no,southwest,10959.33
858,30.4,0,no,northeast,2741.948
859,29.735,0,no,northwest,4357.04365
860,29.925,1,yes,northeast,22462.04375
861,26.79,2,no,northwest,4189.1131
862,33.33,0,no,southeast,8283.6807
863,27.645,2,yes,northwest,24535.69855
864,21.66,0,yes,northeast,14283.4594
865,30.03,1,no,southeast,1720.3537
866,36.3,1,yes,southwest,47403.88
867,24.32,0,no,northeast,8534.6718
868,17.29,0,no,northeast,3732.6251
869,25.9,1,no,southwest,5472.449
870,39.4,2,yes,southwest,38344.566
871,34.32,1,no,southeast,7147.4728
872,19.95,2,no,northeast,7133.9025
873,34.9,0,yes,southwest,34828.654
874,23.21,0,no,southeast,1515.3449
875,25.745,3,no,northwest,9301.89355
876,25.175,0,no,northeast,11931.12525
877,22.0,1,no,southwest,1964.78
878,26.125,0,no,northeast,1708.92575
879,26.51,2,no,southeast,4340.4409
880,27.455,2,no,northwest,5261.46945
881,25.745,1,no,northwest,2710.82855
882,30.36,0,yes,southeast,62592.87309
883,30.875,3,yes,northwest,46718.16325
884,20.8,1,no,southwest,3208.787
885,27.8,0,yes,southwest,37829.7242
886,24.605,2,yes,northeast,21259.37795
887,27.72,0,no,southeast,2464.6188
888,21.85,0,yes,northeast,16115.3045
889,28.12,4,yes,northwest,21472.4788
890,30.2,0,yes,southwest,33900.653
891,32.2,2,no,southwest,6875.961
892,26.315,1,no,northwest,6940.90985
893,26.695,0,no,northwest,4571.41305
894,42.9,1,no,southwest,4536.259
895,34.7,2,yes,southwest,36397.576
896,23.655,3,yes,northwest,18765.87545
897,28.31,1,no,northeast,11272.33139
898,20.6,0,no,southwest,1731.677
899,53.13,0,no,southeast,1163.4627
900,39.71,4,no,northeast,19496.71917
901,26.315,2,no,northwest,7201.70085
902,31.065,3,no,northwest,5425.02335
903,26.695,0,yes,northeast,28101.33305
904,38.83,0,no,southeast,12981.3457
905,40.37,2,yes,southeast,43896.3763
906,25.935,1,no,northwest,4239.89265
907,33.535,0,no,northeast,13143.33665
908,32.87,0,no,northeast,7050.0213
909,30.03,1,no,southeast,9377.9047
910,24.225,2,no,northeast,22395.74424
911,38.6,2,no,southwest,10325.206
912,25.74,2,no,southeast,12629.1656
913,33.4,0,no,southwest,10795.93733
914,44.7,3,no,southwest,11411.685
915,30.97,3,no,northwest,10600.5483
916,31.92,0,no,northeast,2205.9808
917,36.85,0,no,southeast,1629.8335
918,25.8,0,no,southwest,2007.945
919,29.07,0,yes,northwest,29141.3603
